A AA AAA AAs AB ABC ABCs ABCs ABM ABMs ABMs ABs AC ACLU ACLUs ACT ACTH ACTHs ACs AF AFAIK AFC AFCs AI AIDS AIDSs AIs AIs AK AL AM AMA AMD AMDs AMs ANSI ANSIs ANZUS ANZUSs AOL AOLs AP API APO APs AR ASAP ASCII ASCIIs ASCIIs ASL ASLs ASPCA ATM ATMs ATP ATPs ATV AV AWACS AWACSs AWOL AWOLs AWS AWSs AZ AZT AZTs AZs Aachen Aachens Aaliyah Aaliyahs Aaron Aarons Abbas Abbasid Abbasids Abbass Abbott Abbotts Abby Abbys Abdul Abduls Abe Abel Abelard Abelards Abels Abelson Abelsons Aberdeen Aberdeens Abernathy Abernathys Abes Abidjan Abidjans Abigail Abigails Abilene Abilenes Abner Abners Abraham Abrahams Abram Abrams Abrams Abramss Absalom Absaloms Abuja Abujas Abyssinia Abyssinian Abyssinians Abyssinias Ac Acadia Acadias Acapulco Acapulcos Accenture Accentures Accra Accras Acevedo Acevedos Achaean Achaeans Achebe Achebes Achernar Achernars Acheson Achesons Achilles Achilless Aconcagua Aconcaguas Acosta Acostas Acropolis Acrux Acruxs Acs Actaeon Actaeons Acton Actons Acts Actss Acuff Acuffs Ada Adam Adams Adams Adamss Adan Adana Adanas Adans Adar Adars Adas Adas Addams Addamss Adderley Adderleys Addie Addies Addison Addisons Adela Adelaide Adelaides Adelas Adele Adeles Adeline Adelines Aden Adenauer Adenauers Adens Adhara Adharas Adidas Adidass Adirondack Adirondacks Adirondacks Adirondackss Adkins Adkinss Adler Adlers Adolf Adolfo Adolfos Adolfs Adolph Adolphs Adonis Adonises Adoniss Adrian Adriana Adrianas Adrians Adriatic Adriatics Adrienne Adriennes Advent Adventist Adventists Advents Advents Advil Advils Aegean Aegeans Aelfric Aelfrics Aeneas Aeneass Aeneid Aeneids Aeolus Aeoluss Aeroflot Aeroflots Aeschylus Aeschyluss Aesculapius Aesculapiuss Aesop Aesops Afghan Afghani Afghanis Afghanistan Afghanistans Afghans Afghans Africa African Africans Africans Africas Afrikaans Afrikaanss Afrikaner Afrikaners Afrikaners Afro Afrocentrism Afrocentrisms Afros Afros Ag Agamemnon Agamemnons Agassi Agassis Agassiz Agassizs Agatha Agathas Aggie Aggies Aglaia Aglaias Agnes Agness Agnew Agnews Agni Agnis Agra Agras Agricola Agricolas Agrippa Agrippas Agrippina Agrippinas Ags Aguadilla Aguadillas Aguilar Aguilars Aguinaldo Aguinaldos Aguirre Aguirres Agustin Agustins Ahab Ahabs Ahmad Ahmadabad Ahmadabads Ahmadinejad Ahmadinejads Ahmads Ahmed Ahmeds Ahriman Ahrimans Aida Aidas Aiken Aikens Aileen Aileens Aimee Aimees Ainu Ainus Airedale Airedales Airedales Aires Airess Aisha Aishas Ajax Ajaxs Akbar Akbars Akhmatova Akhmatovas Akihito Akihitos Akita Akitas Akiva Akivas Akkad Akkads Akron Akrons Al Ala Alabama Alabaman Alabamans Alabamans Alabamas Alabamian Alabamians Alabamians Aladdin Aladdins Alamo Alamogordo Alamogordos Alamos Alan Alana Alanas Alans Alar Alaric Alarics Alars Alaska Alaskan Alaskans Alaskans Alaskas Alba Albania Albanian Albanians Albanians Albanias Albany Albanys Albas Albee Albees Alberio Alberios Albert Alberta Albertas Alberto Albertos Alberts Albigensian Albigensians Albion Albions Albireo Albireos Albuquerque Albuquerques Alcatraz Alcatrazs Alcestis Alcestiss Alcibiades Alcibiadess Alcindor Alcindors Alcmena Alcmenas Alcoa Alcoas Alcott Alcotts Alcuin Alcuins Alcyone Alcyones Aldan Aldans Aldebaran Aldebarans Alden Aldens Alderamin Alderamins Aldo Aldos Aldrin Aldrins Alec Alecs Aleichem Aleichems Alejandra Alejandras Alejandro Alejandros Alembert Alemberts Aleppo Aleppos Aleut Aleutian Aleutians Aleuts Alex Alexander Alexanders Alexandra Alexandras Alexandria Alexandrias Alexei Alexeis Alexis Alexiss Alexs Alfonso Alfonsos Alfonzo Alfonzos Alford Alfords Alfred Alfreda Alfredas Alfredo Alfredos Alfreds Algenib Algenibs Alger Algeria Algerian Algerians Algerians Algerias Algers Algieba Algiebas Algiers Algierss Algol Algols Algonquian Algonquians Algonquians Algonquin Algonquins Alhambra Alhambras Alhena Alhenas Ali Alice Alices Alicia Alicias Alighieri Alighieris Aline Alines Alioth Alioths Alis Alisa Alisas Alisha Alishas Alison Alisons Alissa Alissas Alistair Alistairs Alkaid Alkaids Allah Allahabad Allahabads Allahs Allan Allans Alleghenies Allegheniess Allegheny Alleghenys Allegra Allegras Allen Allende Allendes Allens Allentown Allentowns Allie Allies Allison Allisons Allstate Allstates Allyson Allysons Alma Almach Almachs Almas Almaty Almatys Almighty Almightys Almohad Almohads Almoravid Almoravids Alnilam Alnilams Alnitak Alnitaks Alonzo Alonzos Alpert Alperts Alphard Alphards Alphecca Alpheccas Alpheratz Alpheratzs Alphonse Alphonses Alphonso Alphonsos Alpine Alpines Alpo Alpos Alps Alpss Als Alsace Alsaces Alsatian Alsatians Alsop Alsops Alston Alstons Alta Altaba Altabas Altai Altaic Altaics Altair Altairs Altais Altamira Altamiras Altas Althea Altheas Altiplano Altiplanos Altman Altmans Altoids Altoidss Alton Altons Altoona Altoonas Aludra Aludras Alva Alvarado Alvarados Alvarez Alvarezs Alvaro Alvaros Alvas Alvin Alvins Alyce Alyces Alyson Alysons Alyssa Alyssas Alzheimer Alzheimers Am Amadeus Amadeuss Amado Amados Amalia Amalias Amanda Amandas Amarillo Amarillos Amaru Amarus Amaterasu Amaterasus Amati Amatis Amazon Amazons Amazons Amber Ambers Amelia Amelias Amenhotep Amenhoteps Amerasian Amerasians America American Americana Americanas Americanism Americanisms Americanisms Americanization Americanizations Americanizations Americanize Americanized Americanizes Americanizing Americans Americans Americas Americas Amerind Amerindian Amerindians Amerindians Amerinds Amerinds Ames Ameslan Ameslans Amess Amgen Amgens Amharic Amharics Amherst Amhersts Amie Amies Amiga Amigas Amish Amishs Amman Ammans Amoco Amocos Amos Amoss Amparo Amparos Ampere Amperes Amritsar Amritsars Ams Amsterdam Amsterdams Amtrak Amtraks Amundsen Amundsens Amur Amurs Amway Amways Amy Amys Ana Anabaptist Anabaptists Anabel Anabels Anacin Anacins Anacreon Anacreons Anaheim Anaheims Analects Analectss Ananias Ananiass Anas Anasazi Anasazis Anastasia Anastasias Anatole Anatoles Anatolia Anatolian Anatolians Anatolias Anaxagoras Anaxagorass Anchorage Anchorages Andalusia Andalusian Andalusians Andalusias Andaman Andamans Andean Andeans Andersen Andersens Anderson Andersons Andes Andess Andorra Andorras Andre Andrea Andreas Andrei Andreis Andres Andres Andress Andretti Andrettis Andrew Andrews Andrews Andrewss Andrianampoinimerina Andrianampoinimerinas Android Androids Andromache Andromaches Andromeda Andromedas Andropov Andropovs Andy Andys Angara Angaras Angel Angela Angelas Angeles Angeless Angelia Angelias Angelica Angelicas Angelico Angelicos Angelina Angelinas Angeline Angelines Angelique Angeliques Angelita Angelitas Angelo Angelos Angelou Angelous Angels Angevin Angevins Angie Angies Angkor Angkors Angleton Angletons Anglia Anglias Anglican Anglicanism Anglicanisms Anglicanisms Anglicans Anglicans Anglicize Anglo Anglophile Anglophiles Anglos Angola Angolan Angolans Angolans Angolas Angora Angoras Angoras Anguilla Anguillas Angus Anguss Aniakchak Aniakchaks Anibal Anibals Anita Anitas Ankara Ankaras Ann Anna Annabel Annabelle Annabelles Annabels Annam Annams Annapolis Annapoliss Annapurna Annapurnas Annas Anne Annes Annette Annettes Annie Annies Anniston Annistons Annmarie Annmaries Anns Anouilh Anouilhs Anselm Anselmo Anselmos Anselms Anshan Anshans Antaeus Antaeuss Antananarivo Antananarivos Antarctic Antarctica Antarcticas Antarctics Antares Antaress Anthony Anthonys Anthropocene Antichrist Antichrists Antichrists Antietam Antietams Antifa Antifas Antigone Antigones Antigua Antiguas Antilles Antilless Antioch Antiochs Antipas Antipass Antofagasta Antofagastas Antoine Antoines Antoinette Antoinettes Anton Antone Antones Antonia Antonias Antoninus Antoninuss Antonio Antonios Antonius Antoniuss Antons Antony Antonys Antwan Antwans Antwerp Antwerps Anubis Anubiss Anzac Anzacs Apache Apaches Apaches Apalachicola Apalachicolas Apatosaurus Apennines Apenniness Aphrodite Aphrodites Apia Apias Apocrypha Apocryphas Apollinaire Apollinaires Apollo Apollonian Apollonians Apollos Apollos Appalachia Appalachian Appalachians Appalachians Appalachianss Appalachias Appaloosa Appaloosas Apple Apples Appleseed Appleseeds Appleton Appletons Appomattox Appomattoxs Apr April Aprils Aprils Aprs Apuleius Apuleiuss Aquafresh Aquafreshs Aquarius Aquariuses Aquariuss Aquila Aquilas Aquinas Aquinass Aquino Aquinos Aquitaine Aquitaines Ar Ara Arab Arabia Arabian Arabians Arabians Arabias Arabic Arabics Arabs Arabs Araby Arabys Araceli Aracelis Arafat Arafats Araguaya Araguayas Aral Arals Aramaic Aramaics Aramco Aramcos Arapaho Arapahos Ararat Ararats Aras Araucanian Araucanians Arawak Arawakan Arawakans Arawaks Arbitron Arbitrons Arcadia Arcadian Arcadians Arcadias Archean Archeans Archibald Archibalds Archie Archies Archimedes Archimedess Arctic Arctics Arcturus Arcturuss Arden Ardens Arduino Arduinos Arecibo Arecibos Arequipa Arequipas Ares Aress Argentina Argentinas Argentine Argentines Argentinian Argentinians Argentinians Argo Argonaut Argonauts Argonne Argonnes Argos Argos Argoss Argus Arguss Ariadne Ariadnes Arianism Arianisms Ariel Ariels Aries Arieses Ariess Ariosto Ariostos Aristarchus Aristarchuss Aristides Aristidess Aristophanes Aristophaness Aristotelian Aristotelians Aristotle Aristotles Arius Ariuss Ariz Arizona Arizonan Arizonans Arizonans Arizonas Arizonian Arizonians Arizonians Arjuna Arjunas Ark Arkansan Arkansans Arkansas Arkansass Arkhangelsk Arkhangelsks Arks Arkwright Arkwrights Arlene Arlenes Arline Arlines Arlington Arlingtons Armageddon Armageddons Armageddons Armagnac Armagnacs Armand Armando Armandos Armands Armani Armanis Armenia Armenian Armenians Armenians Armenias Arminius Arminiuss Armonk Armonks Armour Armours Armstrong Armstrongs Arneb Arnebs Arnhem Arnhems Arno Arnold Arnolds Arnos Arnulfo Arnulfos Aron Arons Arrhenius Arrheniuss Arron Arrons Ars Art Artaxerxes Artaxerxess Artemis Artemiss Arthur Arthurian Arthurians Arthurs Artie Arties Arts Arturo Arturos Aruba Arubas Aryan Aryans Aryans As As Asama Asamas Ascella Ascellas Asgard Asgards Ashanti Ashantis Ashcroft Ashcrofts Ashe Ashes Asheville Ashevilles Ashikaga Ashikagas Ashkenazim Ashkenazims Ashkhabad Ashkhabads Ashlee Ashlees Ashley Ashleys Ashmolean Ashmoleans Ashurbanipal Ashurbanipals Asia Asiago Asian Asians Asians Asias Asiatic Asiatics Asiatics Asimov Asimovs Asmara Asmaras Asoka Asokas Aspell Aspells Aspen Aspens Asperger Aspergers Aspidiske Aspidiskes Asquith Asquiths Ass Assad Assads Assam Assamese Assameses Assams Assisi Assisis Assyria Assyrian Assyrians Assyrians Assyrias Astaire Astaires Astana Astanas Astarte Astartes Aston Astons Astor Astoria Astorias Astors Astrakhan Astrakhans AstroTurf AstroTurfs Asturias Asturiass Asuncion Asuncions Aswan Aswans At Atacama Atacamas Atahualpa Atahualpas Atalanta Atalantas Atari Ataris Atascadero Atascaderos Ataturk Ataturks Athabasca Athabascan Athabascans Athabascas Athena Athenas Athenian Athenians Athenians Athens Athenss Atkins Atkinson Atkinsons Atkinss Atlanta Atlantas Atlantes Atlantic Atlantics Atlantis Atlantiss Atlas Atlases Atlass Atman Atmans Atreus Atreuss Atria Atrias Atropos Atroposs Ats Ats Attic Attica Atticas Attics Attila Attilas Attlee Attlees Attucks Attuckss Atwood Atwoods Au Aubrey Aubreys Auburn Auburns Auckland Aucklands Auden Audens Audi Audion Audions Audis Audra Audras Audrey Audreys Audubon Audubons Aug Augean Augeans Augs Augsburg Augsburgs August Augusta Augustan Augustans Augustas Augustine Augustines Augusts Augusts Augustus Augustuss Aurangzeb Aurangzebs Aurelia Aurelias Aurelio Aurelios Aurelius Aureliuss Aureomycin Aureomycins Auriga Aurigas Aurora Auroras Aus Auschwitz Auschwitzs Aussie Aussies Aussies Austen Austens Austerlitz Austerlitzs Austin Austins Austins Australasia Australasias Australia Australian Australians Australians Australias Australoid Australoids Australopithecus Australopithecuss Austria Austrian Austrians Austrians Austrias Austronesian Austronesians Autumn Autumns Av Ava Avalon Avalons Avas Ave Aventine Aventines Avernus Avernuss Averroes Averroess Avery Averys Aves Avesta Avestas Avicenna Avicennas Avignon Avignons Avila Avilas Avior Aviors Avis Aviss Avogadro Avogadros Avon Avondale Avondales Avons Avs Axum Axums Ayala Ayalas Ayers Ayerss Aymara Aymaras Ayrshire Ayrshires Ayurveda Ayurvedas Ayyubid Ayyubids Azana Azanas Azania Azanias Azazel Azazels Azerbaijan Azerbaijani Azerbaijanis Azerbaijans Azores Azoress Azov Azovs Aztec Aztecan Aztecans Aztecs Aztecs Aztlan Aztlans B BA BASIC BASICs BASICs BAs BB BBB BBBs BBC BBCs BBQ BBS BBSes BBs BC BCs BFF BITNET BLT BLTs BLTs BM BMW BMWs BMs BO BP BPs BS BSD BSDs BSDs BSs BTU BTW BYOB Ba Baal Baals Baath Baathist Baathists Baaths Babar Babars Babbage Babbages Babbitt Babbitts Babel Babels Babels Babur Baburs Babylon Babylonian Babylonians Babylons Babylons Bacall Bacalls Bacardi Bacardis Bacchanalia Bacchanalias Bacchus Bacchuss Bach Bachs Backus Backuss Bacon Bacons Bactria Bactrias Baden Badens Badlands Badlandss Baedeker Baedekers Baez Baezs Baffin Baffins Baggies Baggiess Baghdad Baghdads Baguio Baguios Bahai Bahais Bahama Bahamas Bahamas Bahamass Bahamian Bahamians Bahamians Bahaullah Bahaullahs Bahia Bahias Bahrain Bahrains Baidu Baidus Baikal Baikals Bailey Baileys Baird Bairds Bakelite Bakelites Baker Bakers Bakersfield Bakersfields Baku Bakunin Bakunins Bakus Balanchine Balanchines Balaton Balatons Balboa Balboas Balder Balders Baldwin Baldwins Balearic Balearics Balfour Balfours Bali Balinese Balineses Balis Balkan Balkans Balkans Balkanss Balkhash Balkhashs Ball Ballard Ballards Balls Balthazar Balthazars Baltic Baltics Baltimore Baltimores Baluchistan Baluchistans Balzac Balzacs Bamako Bamakos Bambi Bambis Banach Banachs Bancroft Bancrofts Bandung Bandungs Bangalore Bangalores Bangkok Bangkoks Bangladesh Bangladeshi Bangladeshis Bangladeshis Bangladeshs Bangor Bangors Bangui Banguis Banjarmasin Banjarmasins Banjul Banjuls Banks Bankss Banneker Bannekers Bannister Bannisters Banting Bantings Bantu Bantus Bantus Baotou Baotous Baptist Baptiste Baptistes Baptists Baptists Barabbas Barabbass Barack Baracks Barbadian Barbadians Barbadians Barbados Barbadoss Barbara Barbaras Barbarella Barbarellas Barbarossa Barbarossas Barbary Barbarys Barber Barbers Barbie Barbies Barbour Barbours Barbra Barbras Barbuda Barbudas Barcelona Barcelonas Barceloneta Barcelonetas Barclay Barclays Bardeen Bardeens Barents Barentss Barker Barkers Barkley Barkleys Barlow Barlows Barnabas Barnabass Barnaby Barnabys Barnard Barnards Barnaul Barnauls Barnes Barness Barnett Barnetts Barney Barneys Barnum Barnums Baroda Barodas Barquisimeto Barquisimetos Barr Barranquilla Barranquillas Barrera Barreras Barrett Barretts Barrie Barries Barron Barrons Barrs Barry Barrymore Barrymores Barrys Bart Barth Bartholdi Bartholdis Bartholomew Bartholomews Barths Bartok Bartoks Bartlett Bartletts Barton Bartons Barts Baruch Baruchs Baryshnikov Baryshnikovs Bas Basel Basels Basho Bashos Basie Basies Basil Basils Basque Basques Basques Basra Basras Bass Basseterre Basseterres Basss Bastille Bastilles Bataan Bataans Bates Batess Bathsheba Bathshebas Batista Batistas Batman Batmans Battle Battles Batu Batus Baudelaire Baudelaires Baudouin Baudouins Bauer Bauers Bauhaus Bauhauss Baum Baums Bavaria Bavarian Bavarians Bavarias Baxter Baxters Bayer Bayers Bayes Bayesian Bayesians Bayess Bayeux Bayeuxs Baylor Baylors Bayonne Bayonnes Bayreuth Bayreuths Baywatch Baywatchs Be Beach Beachs Beadle Beadles Bean Beans Beard Beardmore Beardmores Beards Beardsley Beardsleys Bearnaise Bearnaises Beasley Beasleys Beatlemania Beatlemanias Beatles Beatless Beatrice Beatrices Beatrix Beatrixs Beatriz Beatrizs Beau Beaufort Beauforts Beaujolais Beaujolaiss Beaumarchais Beaumarchaiss Beaumont Beaumonts Beauregard Beauregards Beaus Beauvoir Beauvoirs Bechtel Bechtels Beck Becker Beckers Becket Beckets Beckett Becketts Beckley Beckleys Becks Becky Beckys Becquerel Becquerels Bede Bedes Bedouin Bedouins Bedouins Beebe Beebes Beecher Beechers Beefaroni Beefaronis Beelzebub Beelzebubs Beerbohm Beerbohms Beethoven Beethovens Beeton Beetons Begin Begins Behan Behans Behring Behrings Beiderbecke Beiderbeckes Beijing Beijings Beirut Beiruts Bekesy Bekesys Bela Belarus Belaruss Belas Belau Belaus Belem Belems Belfast Belfasts Belgian Belgians Belgians Belgium Belgiums Belgrade Belgrades Belinda Belindas Belize Belizes Bell Bella Bellamy Bellamys Bellas Bellatrix Bellatrixs Belleek Belleeks Bellingham Bellinghams Bellini Bellinis Bellow Bellows Bells Belmont Belmonts Belmopan Belmopans Beloit Beloits Belshazzar Belshazzars Beltane Beltanes Belushi Belushis Ben Benacerraf Benacerrafs Benares Benaress Benchley Benchleys Bend Bender Benders Bendix Bendixs Bends Benedict Benedictine Benedictines Benedicts Benelux Beneluxs Benet Benets Benetton Benettons Bengal Bengali Bengalis Bengals Benghazi Benghazis Benin Benins Benita Benitas Benito Benitos Benjamin Benjamins Bennett Bennetts Bennie Bennies Benny Bennys Bens Benson Bensons Bentham Benthams Bentley Bentleys Benton Bentons Benz Benzedrine Benzedrines Benzs Beowulf Beowulfs Berber Berbers Berbers Berenice Berenices Beretta Berettas Berg Bergen Bergens Berger Bergerac Bergeracs Bergers Bergman Bergmans Bergs Bergson Bergsons Beria Berias Bering Berings Berkeley Berkeleys Berkshire Berkshires Berkshires Berkshiress Berle Berles Berlin Berliner Berliners Berlins Berlins Berlioz Berliozs Berlitz Berlitzs Bermuda Bermudas Bermudas Bern Bernadette Bernadettes Bernadine Bernadines Bernanke Bernankes Bernard Bernardo Bernardos Bernards Bernays Bernayss Bernbach Bernbachs Berne Bernes Bernhardt Bernhardts Bernice Bernices Bernie Bernies Bernini Berninis Bernoulli Bernoullis Berns Bernstein Bernsteins Berra Berras Berry Berrys Bert Berta Bertas Bertelsmann Bertelsmanns Bertha Berthas Bertie Berties Bertillon Bertillons Bertram Bertrams Bertrand Bertrands Berts Berwick Berwicks Beryl Beryls Berzelius Berzeliuss Bes Bess Bessel Bessels Bessemer Bessemers Bessie Bessies Besss Best Bests Betelgeuse Betelgeuses Beth Bethany Bethanys Bethe Bethes Bethesda Bethesdas Bethlehem Bethlehems Beths Bethune Bethunes Betsy Betsys Bette Bettes Bettie Betties Betty Bettye Bettyes Bettys Beulah Beulahs Beverley Beverleys Beverly Beverlys Beyer Beyers Bhopal Bhopals Bhutan Bhutans Bhutto Bhuttos Bi Bialystok Bialystoks Bianca Biancas Bib Bible Bibles Bibles Biblical Biblicals Bic Bics Biddle Biddles Biden Bidens Bierce Bierces BigQuery BigQuerys Bigfoot Bigfoots Biggles Biggless Biko Bikos Bilbao Bilbaos Bilbo Bilbos Bill Billie Billies Billings Billingss Bills Billy Billys Bimini Biminis Binghamton Binghamtons Biogen Biogens Bioko Biokos Bird Birds Birdseye Birdseyes Birkenstock Birkenstocks Birmingham Birminghams Biro Biros Bis Biscay Biscayne Biscaynes Biscays Bishkek Bishkeks Bishop Bishops Bismarck Bismarcks Bismark Bismarks Bisquick Bisquicks Bissau Bissaus BitTorrent BitTorrents Bizet Bizets Bjerknes Bjerkness Bjork Bjorks Bk Bks Black Blackbeard Blackbeards Blackburn Blackburns Blackfoot Blackfoots Blacks Blacks Blacksburg Blacksburgs Blackshirt Blackshirts Blackstone Blackstones Blackwell Blackwells Blaine Blaines Blair Blairs Blake Blakes Blanca Blancas Blanchard Blanchards Blanche Blanches Blankenship Blankenships Blantyre Blantyres Blatz Blatzs Blavatsky Blavatskys Blenheim Blenheims Blevins Blevinss Bligh Blighs Bloch Blochs Blockbuster Blockbusters Bloemfontein Bloemfonteins Blondel Blondels Blondie Blondies Bloom Bloomer Bloomers Bloomfield Bloomfields Bloomingdale Bloomingdales Bloomington Bloomingtons Blooms Bloomsburg Bloomsburgs Bloomsbury Bloomsburys Blu Blucher Bluchers Bluebeard Bluebeards Bluetooth Bluetooths Blvd Blythe Blythes Boas Boass Bob Bobbi Bobbie Bobbies Bobbis Bobbitt Bobbitts Bobby Bobbys Bobs Boccaccio Boccaccios Bodhidharma Bodhidharmas Bodhisattva Bodhisattvas Boeing Boeings Boeotia Boeotian Boeotians Boeotias Boer Boers Boers Boethius Boethiuss Bogart Bogarts Bogota Bogotas Bohemia Bohemian Bohemians Bohemians Bohemias Bohr Bohrs Boise Boises Bojangles Bojangless Boleyn Boleyns Bolivar Bolivars Bolivia Bolivian Bolivians Bolivians Bolivias Bollywood Bollywoods Bologna Bolognas Bolshevik Bolsheviks Bolsheviks Bolshevism Bolshevisms Bolshevist Bolshevists Bolshoi Bolshois Bolton Boltons Boltzmann Boltzmanns Bombay Bombays Bonaparte Bonapartes Bonaventure Bonaventures Bond Bonds Bonhoeffer Bonhoeffers Boniface Bonifaces Bonita Bonitas Bonn Bonner Bonners Bonneville Bonnevilles Bonnie Bonnies Bonns Bono Bonos Booker Bookers Boole Boolean Booleans Booles Boone Boones Booth Booths Bordeaux Bordeauxs Borden Bordens Bordon Bordons Boreas Boreass Borg Borges Borgess Borgia Borgias Borglum Borglums Borgs Borgs Boris Boriss Bork Borks Borlaug Borlaugs Born Borneo Borneos Borns Borobudur Borobudurs Borodin Borodins Boru Borus Bosch Boschs Bose Boses Bosnia Bosnias Bosporus Bosporuss Boston Bostonian Bostonians Bostons Bostons Boswell Boswells Bootes Bootess Botox Botswana Botswanas Botticelli Botticellis Boulder Boulders Boulez Boulezs Bourbaki Bourbakis Bourbon Bourbons Bournemouth Bournemouths Bovary Bovarys Bowditch Bowditchs Bowell Bowells Bowen Bowens Bowers Bowerss Bowery Bowerys Bowie Bowies Bowman Bowmans Boyd Boyds Boyer Boyers Boyle Boyles Br Brad Bradbury Bradburys Braddock Braddocks Bradenton Bradentons Bradford Bradfords Bradley Bradleys Bradly Bradlys Brads Bradshaw Bradshaws Bradstreet Bradstreets Brady Bradys Bragg Braggs Brahe Brahes Brahma Brahmagupta Brahmaguptas Brahman Brahmanism Brahmanisms Brahmanisms Brahmans Brahmans Brahmaputra Brahmaputras Brahmas Brahmas Brahmin Brahmins Brahmins Brahms Brahmss Braille Brailles Brailles Brain Brains Brampton Bramptons Bran Branch Branchs Brandeis Brandeiss Branden Brandenburg Brandenburgs Brandens Brandi Brandie Brandies Brandis Brando Brandon Brandons Brandos Brandt Brandts Brandy Brandys Brans Brant Brants Braque Braques Brasilia Brasilias Bratislava Bratislavas Brattain Brattains Bray Brays Brazil Brazilian Brazilians Brazilians Brazils Brazos Brazoss Brazzaville Brazzavilles Breakspear Breakspears Brecht Brechts Breckenridge Breckenridges Bremen Bremens Bremerton Bremertons Brenda Brendan Brendans Brendas Brennan Brennans Brenner Brenners Brent Brenton Brentons Brents Brest Brests Bret Breton Bretons Brets Brett Bretts Brewer Brewers Brewster Brewsters Brexit Brezhnev Brezhnevs Brian Briana Brianas Brianna Briannas Brians Brice Brices Bridalveil Bridalveils Bridgeport Bridgeports Bridger Bridgers Bridges Bridgess Bridget Bridgetown Bridgetowns Bridgets Bridgett Bridgette Bridgettes Bridgetts Bridgman Bridgmans Brie Bries Brigadoon Brigadoons Briggs Briggss Brigham Brighams Bright Brighton Brightons Brights Brigid Brigids Brigitte Brigittes Brillo Brillos Brinkley Brinkleys Brisbane Brisbanes Bristol Bristols Brit Britain Britains Britannia Britannias Britannic Britannica Britannicas Britannics British Britisher Britishs Britney Britneys Briton Britons Britons Brits Brits Britt Brittany Brittanys Britten Brittens Brittney Brittneys Britts Brno Brnos Broadway Broadways Broadways Brobdingnag Brobdingnagian Brobdingnagians Brobdingnags Brock Brocks Brokaw Brokaws Bronson Bronsons Bronte Brontes Brontosaurus Bronx Bronxs Brooke Brookes Brooklyn Brooklyns Brooks Brookss Bros Brown Browne Brownes Brownian Brownians Brownie Brownies Browning Brownings Browns Brownshirt Brownshirts Brownsville Brownsvilles Brs Brubeck Brubecks Bruce Bruces Bruckner Bruckners Brueghel Brueghels Brummel Brummels Brunei Bruneis Brunelleschi Brunelleschis Brunhilde Brunhildes Bruno Brunos Brunswick Brunswicks Brussels Brusselss Brut Bruts Brutus Brutuss Bryan Bryans Bryant Bryants Bryce Bryces Brynner Brynners Bryon Bryons Brzezinski Brzezinskis Bs Btu Btus Buber Bubers Buchanan Buchanans Bucharest Bucharests Buchenwald Buchenwalds Buchwald Buchwalds Buck Buckingham Buckinghams Buckley Buckleys Buckner Buckners Bucks Bud Budapest Budapests Buddha Buddhas Buddhas Buddhism Buddhisms Buddhisms Buddhist Buddhists Buddhists Buddy Buddys Buds Budweiser Budweisers Buffalo Buffalos Buffy Buffys Buford Bufords Bugatti Bugattis Bugzilla Bugzillas Buick Buicks Bujumbura Bujumburas Bukhara Bukharas Bukharin Bukharins Bulawayo Bulawayos Bulfinch Bulfinchs Bulganin Bulganins Bulgar Bulgari Bulgaria Bulgarian Bulgarians Bulgarians Bulgarias Bulgaris Bulgars Bullock Bullocks Bullwinkle Bullwinkles Bultmann Bultmanns Bumppo Bumppos Bunche Bunches Bundesbank Bundesbanks Bundestag Bundestags Bunin Bunins Bunker Bunkers Bunsen Bunsens Bunyan Bunyans Burbank Burbanks Burberry Burberrys Burch Burchs Burger Burgers Burgess Burgesss Burgoyne Burgoynes Burgundian Burgundians Burgundies Burgundy Burgundys Burke Burkes Burks Burkss Burl Burlington Burlingtons Burls Burma Burmas Burmese Burmeses Burnett Burnetts Burns Burnside Burnsides Burnss Burr Burris Burriss Burroughs Burroughss Burrs Bursa Bursas Burt Burton Burtons Burts Burundi Burundis Busch Buschs Bush Bushido Bushidos Bushnell Bushnells Bushs Butler Butlers Butterfingers Butterfingerss Bunuel Bunuels Buxtehude Buxtehudes Byblos Bybloss Byelorussia Byelorussias Byers Byerss Byrd Byrds Byron Byronic Byronics Byrons Byzantine Byzantines Byzantines Byzantium Byzantiums C CA CATV CB CBS CBSs CD CDs CEO CEOs CFC CFCs CIA CIAs CNN CNNs CO COBOL COBOLs COBOLs COD COLA COVID COs CPA CPAs CPI CPIs CPO CPR CPRs CPU CPUs CRT CRTs CRTs CSS CSSs CST CSTs CT CTs CVS CVSs Ca Cabernet Cabernets Cabinet Cabot Cabots Cabral Cabrals Cabrera Cabreras Cabrini Cabrinis Cadillac Cadillacs Cadiz Cadizs Caedmon Caedmons Caerphilly Caerphillys Caesar Caesarean Caesars Caesars Cage Cages Cagney Cagneys Cahokia Cahokias Caiaphas Caiaphass Cain Cains Cains Cairo Cairos Caitlin Caitlins Cajun Cajuns Cajuns Cal Calais Calaiss Calcutta Calcuttas Calder Calderon Calderons Calders Caldwell Caldwells Caleb Calebs Caledonia Caledonias Calexico Calexicos Calgary Calgarys Calhoun Calhouns Cali Caliban Calibans California Californian Californians Californians Californias Caligula Caligulas Calis Callaghan Callaghans Callahan Callahans Callao Callaos Callas Callass Callie Callies Calliope Calliopes Callisto Callistos Caloocan Caloocans Cals Calvary Calvarys Calvert Calverts Calvin Calvinism Calvinisms Calvinisms Calvinist Calvinistic Calvinists Calvinists Calvins Camacho Camachos Camarillo Camarillos Cambodia Cambodian Cambodians Cambodians Cambodias Cambrian Cambrians Cambridge Cambridges Camel Camelopardalis Camelopardaliss Camelot Camelots Camels Camembert Camemberts Camemberts Cameron Camerons Cameroon Cameroons Cameroons Camilla Camillas Camille Camilles Camoens Camoenss Campanella Campanellas Campbell Campbells Campinas Campinass Campos Camposs Camry Camrys Camus Camuss Canaan Canaans Canada Canadas Canadian Canadians Canadians Canaletto Canalettos Canaries Canariess Canaveral Canaverals Canberra Canberras Cancer Cancers Cancers Cancun Cancuns Candace Candaces Candice Candices Candide Candides Candy Candys Cannes Canness Cannon Cannons Canon Canons Canopus Canopuss Cantabrigian Cantabrigians Canterbury Canterburys Canton Cantonese Cantoneses Cantons Cantor Cantors Cantrell Cantrells Cantu Cantus Canute Canutes Capablanca Capablancas Capek Capeks Capella Capellas Capet Capetian Capetians Capetown Capetowns Capets Caph Caphs Capistrano Capistranos Capitol Capitoline Capitolines Capitols Capitols Capone Capones Capote Capotes Capra Capras Capri Capricorn Capricorns Capricorns Capris Capt Capuchin Capuchins Capulet Capulets Cara Caracalla Caracallas Caracas Caracass Caras Caravaggio Caravaggios Carboloy Carboloys Carbondale Carbondales Carboniferous Carboniferouss Carborundum Carborundums Cardenas Cardenass Cardiff Cardiffs Cardin Cardins Cardozo Cardozos Carey Careys Carib Caribbean Caribbeans Caribbeans Caribs Carina Carinas Carissa Carissas Carl Carla Carlas Carlene Carlenes Carlin Carlins Carlo Carlos Carlos Carloss Carls Carlsbad Carlsbads Carlson Carlsons Carlton Carltons Carly Carlyle Carlyles Carlys Carmela Carmelas Carmella Carmellas Carmelo Carmelos Carmen Carmens Carmichael Carmichaels Carmine Carmines Carnap Carnaps Carnation Carnations Carnegie Carnegies Carney Carneys Carnot Carnots Carol Carole Caroles Carolina Carolinas Caroline Carolines Carolingian Carolingians Carolinian Carolinians Carols Carolyn Carolyns Carpathian Carpathians Carpathians Carpathianss Carpenter Carpenters Carr Carranza Carranzas Carrie Carrier Carriers Carries Carrillo Carrillos Carroll Carrolls Carrs Carson Carsons Carter Carters Cartersville Cartersvilles Cartesian Cartesians Carthage Carthages Carthaginian Carthaginians Cartier Cartiers Cartwright Cartwrights Caruso Carusos Carver Carvers Cary Carys Cas Casablanca Casablancas Casals Casalss Casandra Casandras Casanova Casanovas Casanovas Cascades Cascadess Case Cases Casey Caseys Cash Cashs Casio Casios Caspar Caspars Casper Caspers Caspian Caspians Cassandra Cassandras Cassatt Cassatts Cassie Cassies Cassiopeia Cassiopeias Cassius Cassiuss Castaneda Castanedas Castillo Castillos Castlereagh Castlereaghs Castor Castors Castries Castriess Castro Castros Catalan Catalans Catalina Catalinas Catalonia Catalonias Catawba Catawbas Caterpillar Caterpillars Cathay Cathays Cather Catherine Catherines Cathers Cathleen Cathleens Catholic Catholicism Catholicisms Catholicisms Catholics Catholics Cathryn Cathryns Cathy Cathys Catiline Catilines Cato Catos Catskill Catskills Catskills Catskillss Catt Catts Catullus Catulluss Caucasian Caucasians Caucasians Caucasoid Caucasus Caucasuss Cauchy Cauchys Cavendish Cavendishs Cavour Cavours Caxton Caxtons Cayenne Cayennes Cayman Caymans Cayuga Cayugas Cd Cds Ceausescu Ceausescus Cebu Cebuano Cebuanos Cebus Cecelia Cecelias Cecil Cecile Ceciles Cecilia Cecilias Cecils Cecily Cecilys Cedric Cedrics Celebes Celebess Celeste Celestes Celgene Celgenes Celia Celias Celina Celinas Cellini Cellinis Celsius Celsiuss Celt Celtic Celtics Celtics Celts Celts Cenozoic Cenozoics Centaurus Centauruss Centigrade Cepheid Cepheids Cepheus Cepheuss Cerberus Cerberuss Cerenkov Cerenkovs Ceres Ceress Cerf Cerfs Cervantes Cervantess Cesar Cesarean Cesareans Cesars Cessna Cessnas Cetus Cetuss Ceylon Ceylons Cezanne Cezannes Cf Cfs Chablis Chabliss Chad Chads Chadwick Chadwicks Chagall Chagalls Chaitanya Chaitanyas Chaitin Chaitins Chaldean Chaldeans Challenger Challengers Chamberlain Chamberlains Chambers Chambersburg Chambersburgs Chamberss Champaign Champaigns Champlain Champlains Champollion Champollions Chan Chance Chancellorsville Chancellorsvilles Chances Chandigarh Chandigarhs Chandler Chandlers Chandon Chandons Chandra Chandragupta Chandraguptas Chandras Chandrasekhar Chandrasekhars Chanel Chanels Chaney Chaneys Chang Changchun Changchuns Changs Changsha Changshas Chans Chantilly Chantillys Chanukah Chanukahs Chanukahs Chaplin Chaplins Chapman Chapmans Chappaquiddick Chappaquiddicks Chapultepec Chapultepecs Charbray Charbrays Chardonnay Chardonnays Charity Charitys Charlemagne Charlemagnes Charlene Charlenes Charles Charless Charleston Charlestons Charlestons Charley Charleys Charlie Charlies Charlotte Charlottes Charlottesville Charlottesvilles Charlottetown Charlottetowns Charmaine Charmaines Charmin Charmins Charolais Charolaiss Charon Charons Chartism Chartisms Chartres Chartress Charybdis Charybdiss Chase Chases Chasity Chasitys Chateaubriand Chateaubriands Chattahoochee Chattahoochees Chattanooga Chattanoogas Chatterley Chatterleys Chatterton Chattertons Chaucer Chaucers Chauncey Chaunceys Chautauqua Chautauquas Chavez Chavezs Chayefsky Chayefskys Che Chechen Chechens Chechnya Chechnyas Cheddar Cheddars Cheer Cheerios Cheerioss Cheers Cheetos Cheetoss Cheever Cheevers Chekhov Chekhovs Chelsea Chelseas Chelyabinsk Chelyabinsks Chen Cheney Cheneys Chengdu Chengdus Chennai Chennais Chens Cheops Cheopss Cheri Cherie Cheries Cheris Chernenko Chernenkos Chernobyl Chernobyls Chernomyrdin Chernomyrdins Cherokee Cherokees Cherokees Cherry Cherrys Cheryl Cheryls Ches Chesapeake Chesapeakes Cheshire Cheshires Chester Chesterfield Chesterfields Chesters Chesterton Chestertons Chevalier Chevaliers Cheviot Cheviots Chevrolet Chevrolets Chevron Chevrons Chevy Chevys Cheyenne Cheyennes Cheyennes Chi Chianti Chiantis Chiantis Chiba Chibas Chibcha Chibchas Chicago Chicagoan Chicagoans Chicagos Chicana Chicanas Chicano Chicanos Chickasaw Chickasaws Chiclets Chicletss Chico Chicos Chihuahua Chihuahuas Chihuahuas Chile Chilean Chileans Chileans Chiles Chimborazo Chimborazos Chimera Chimeras Chimu Chimus Chin China Chinas Chinatown Chinatowns Chinese Chineses Chinook Chinooks Chinooks Chins Chipewyan Chipewyans Chippendale Chippendales Chippewa Chippewas Chiquita Chiquitas Chirico Chiricos Chis Chisholm Chisholms Chisinau Chisinaus Chittagong Chittagongs Chivas Chivass Chloe Chloes Choctaw Choctaws Chomsky Chomskys Chongqing Chongqings Chopin Chopins Chopra Chopras Chou Chous Chretien Chretiens Chris Chriss Christ Christa Christas Christchurch Christchurchs Christendom Christendoms Christendoms Christensen Christensens Christi Christian Christianities Christianity Christianitys Christians Christians Christie Christies Christina Christinas Christine Christines Christis Christmas Christmases Christmass Christoper Christopers Christopher Christophers Christs Christs Christy Christys Chrysler Chryslers Chrysostom Chrysostoms Chrystal Chrystals Chuck Chucks Chukchi Chukchis Chumash Chumashs Chung Chungking Chungkings Chungs Church Churchill Churchills Churchs Churriguera Churrigueras Chuvash Chuvashs Ci Cicero Ciceros Cid Cids Cimabue Cimabues Cincinnati Cincinnatis Cinderella Cinderellas Cinderellas Cindy Cindys CinemaScope CinemaScopes Cinerama Cineramas Cipro Cipros Circe Circes Cis Cisco Ciscos Citibank Citibanks Citigroup Citigroups Citroen Citroens Cl Claiborne Claibornes Clair Claire Claires Clairol Clairols Clairs Clancy Clancys Clapeyron Clapeyrons Clapton Claptons Clara Claras Clare Clarence Clarences Clarendon Clarendons Clares Clarice Clarices Clarissa Clarissas Clark Clarke Clarkes Clarks Clarksville Clarksvilles Claude Claudes Claudette Claudettes Claudia Claudias Claudine Claudines Claudio Claudios Claudius Claudiuss Claus Clausewitz Clausewitzs Clausius Clausiuss Clauss Clay Clays Clayton Claytons Clearasil Clearasils Clem Clemenceau Clemenceaus Clemens Clemenss Clement Clementine Clementines Clements Clements Clementss Clemons Clemonss Clems Clemson Clemsons Cleo Cleopatra Cleopatras Cleos Cleveland Clevelands Cliburn Cliburns Cliff Clifford Cliffords Cliffs Clifton Cliftons Cline Clines Clint Clinton Clintons Clints Clio Clios Clive Clives Clojure Clojures Clorets Cloretss Clorox Cloroxs Closure Closures Clotho Clothos Clouseau Clouseaus Clovis Cloviss Cls Clyde Clydes Clydesdale Clydesdales Clytemnestra Clytemnestras Cm Cms Co Cobain Cobains Cobb Cobbs Cochabamba Cochabambas Cochin Cochins Cochise Cochises Cochran Cochrans Cockney Cockneys Cocteau Cocteaus Cody Codys Coffey Coffeys Cognac Cognacs Cohan Cohans Cohen Cohens Coimbatore Coimbatores Cointreau Cointreaus Coke Cokes Cokes Col Colbert Colberts Colby Colbys Cole Coleen Coleens Coleman Colemans Coleridge Coleridges Coles Colette Colettes Colfax Colfaxs Colgate Colgates Colin Colins Colleen Colleens Collier Colliers Collin Collins Collins Collinss Colo Cologne Colognes Colombia Colombian Colombians Colombians Colombias Colombo Colombos Colon Colonial Colons Colorado Colorados Colosseum Colosseums Cols Colt Coltrane Coltranes Colts Columbia Columbias Columbine Columbines Columbus Columbuss Com Comanche Comanches Comanches Combs Combss Comintern Cominterns Commons Commonss Commonwealth Communion Communions Communions Communism Communist Communists Communists Como Comoros Comoross Comos Compaq Compaqs Compton Comptons CompuServe CompuServes Comte Comtes Conakry Conakrys Conan Conans Concepcion Concepcions Concetta Concettas Concord Concorde Concordes Concords Concords Condillac Condillacs Condorcet Condorcets Conestoga Conestogas Confederacy Confederacys Confederate Confederates Confederates Confucian Confucianism Confucianisms Confucianisms Confucians Confucians Confucius Confuciuss Cong Congo Congolese Congoleses Congos Congregationalist Congregationalists Congregationalists Congress Congresses Congresss Congreve Congreves Congs Conley Conleys Conn Connecticut Connecticuts Connellsville Connellsvilles Connemara Connemaras Conner Conners Connery Connerys Connie Connies Connolly Connollys Connors Connorss Conns Conrad Conrads Conrail Conrails Conroe Conroes Constable Constables Constance Constances Constantine Constantines Constantinople Constantinoples Constitution Consuelo Consuelos Continent Continental Continentals Continents Contreras Contrerass Conway Conways Cook Cooke Cookes Cooks Cooley Cooleys Coolidge Coolidges Cooper Coopers Cooperstown Cooperstowns Coors Coorss Copacabana Copacabanas Copeland Copelands Copenhagen Copenhagens Copernican Copernicans Copernicus Copernicuss Copland Coplands Copley Copleys Copperfield Copperfields Coppertone Coppertones Coppola Coppolas Coptic Coptics Cora Coras Cordelia Cordelias Cordilleras Cordillerass Cordoba Cordobas Cordova Cordovas Corey Coreys Corfu Corfus Corina Corinas Corine Corines Corinne Corinnes Corinth Corinthian Corinthians Corinthians Corinthianss Corinths Coriolanus Coriolanuss Coriolis Corioliss Corleone Corleones Cormack Cormacks Corneille Corneilles Cornelia Cornelias Cornelius Corneliuss Cornell Cornells Corning Cornings Cornish Cornishs Cornwall Cornwallis Cornwalliss Cornwalls Coronado Coronados Corot Corots Corp Correggio Correggios Corrine Corrines Corsica Corsican Corsicans Corsicas Cortes Corteses Cortess Cortez Cortezs Cortland Cortlands Corvallis Corvalliss Corvette Corvettes Corvus Corvuss Cory Corys Cos Cosby Cosbys CosmosDB CosmosDBs Cossack Cossacks Costco Costcos Costello Costellos Costner Costners Cote Cotes Cotonou Cotonous Cotopaxi Cotopaxis Cotswold Cotswolds Cotton Cottons Coulomb Coulombs Coulter Coulters Couperin Couperins Courbet Courbets Courtney Courtneys Cousteau Cousteaus Coventries Coventry Coventrys Covington Covingtons Coward Cowards Cowley Cowleys Cowper Cowpers Cox Coxs Coy Coys Cozumel Cozumels Cr Crabbe Crabbes Craft Crafts Craig Craigs Cranach Cranachs Crane Cranes Cranmer Cranmers Crater Craters Crawford Crawfords Cray Crayola Crayolas Crays Creation Creations Creator Creators Crecy Crecys Cree Creek Creeks Crees Creighton Creightons Creole Creoles Creoles Creon Creons Cressida Cressidas Crest Crests Cretaceous Cretaceouss Cretan Cretans Crete Cretes Crichton Crichtons Crick Cricks Crimea Crimean Crimeans Crimeas Criollo Criollos Crisco Criscos Cristina Cristinas Croat Croatia Croatian Croatians Croatians Croatias Croats Croats Croce Croces Crockett Crocketts Croesus Croesuss Cromwell Cromwellian Cromwellians Cromwells Cronin Cronins Cronkite Cronkites Cronus Cronuss Crookes Crookess Crosby Crosbys Cross Crosss Crowley Crowleys Crs Cruikshank Cruikshanks Cruise Cruises Crusades Crusadess Crusoe Crusoes Crux Cruxs Cruz Cruzs Cryptozoic Cryptozoics Crystal Crystals Cs Cs Csonka Csonkas Ctesiphon Ctesiphons Cthulhu Cthulhus Cu Cuba Cuban Cubans Cubans Cubas Cuchulain Cuchulains Cuisinart Cuisinarts Culbertson Culbertsons Cullen Cullens Cumberland Cumberlands Cummings Cummingss Cunard Cunards Cunningham Cunninghams Cupid Cupids Curacao Curacaos Curie Curies Curitiba Curitibas Currier Curriers Curry Currys Curt Curtis Curtiss Curts Cus Custer Custers Cuvier Cuviers Cuzco Cuzcos Cybele Cybeles Cyclades Cycladess Cyclops Cyclopss Cygnus Cygnuss Cymbeline Cymbelines Cynthia Cynthias Cyprian Cyprians Cypriot Cypriots Cypriots Cyprus Cypruss Cyrano Cyranos Cyril Cyrillic Cyrillics Cyrils Cyrus Cyruss Czech Czechia Czechias Czechoslovakia Czechoslovakian Czechoslovakians Czechoslovakians Czechoslovakias Czechs Czechs Czerny Czernys D DA DAT DATs DAs DC DCs DD DDS DDSs DDT DDTs DDs DE DEC DECed DECs DHS DJ DMCA DMZ DNA DNAs DOA DOS DOSs DP DPT DPs DPs DST DTP DUI DVD DVR DVRs DVRs DWI Dacca Daccas Dachau Dachaus Dacron Dacrons Dacrons Dada Dadaism Dadaisms Dadas Daedalus Daedaluss Daguerre Daguerres Dagwood Dagwoods Dahomey Dahomeys Daimler Daimlers Daisy Daisys Dakar Dakars Dakota Dakotan Dakotans Dakotas Dakotas Dalai Dale Dales Daley Daleys Dali Dalian Dalians Dalis Dallas Dallass Dalmatian Dalmatians Dalmatians Dalton Daltons Damascus Damascuss Damian Damians Damien Damiens Damion Damions Damocles Damocless Damon Damons Dan Dana Danas Danbury Danburys Dane Danelaw Danelaws Danes Danes Dangerfield Dangerfields Danial Danials Daniel Danielle Danielles Daniels Daniels Danielss Danish Danishs Dannie Dannies Danny Dannys Danone Danones Dans Dante Dantes Danton Dantons Danube Danubes Danubian Danubians Danville Danvilles Daphne Daphnes Darby Darbys Darcy Darcys Dardanelles Dardanelless Dare Daren Darens Dares Darfur Darfurs Darin Darins Dario Darios Darius Dariuss Darjeeling Darjeelings Darla Darlas Darlene Darlenes Darling Darlings Darnell Darnells Darrel Darrell Darrells Darrels Darren Darrens Darrin Darrins Darrow Darrows Darryl Darryls Darth Darths Dartmoor Dartmoors Dartmouth Dartmouths Darvon Darvons Darwin Darwinian Darwinians Darwinism Darwinisms Darwins Daryl Daryls Datamation Daugherty Daughertys Daumier Daumiers Davao Davaos Dave Davenport Davenports Daves David Davids Davids Davidson Davidsons Davies Daviess Davis Daviss Davy Davys Dawes Dawess Dawn Dawns Dawson Dawsons Day Days Dayton Daytons DeGeneres DeGeneress DeKalb DeKalbs Deadhead Deadheads Dean Deana Deanas Deandre Deandres Deann Deanna Deannas Deanne Deannes Deanns Deans Debbie Debbies Debby Debbys Debian Debians Debora Deborah Deborahs Deboras Debouillet Debouillets Debra Debras Debs Debss Debussy Debussys Dec Decalogue Decalogues Decatur Decaturs Decca Deccan Deccans Deccas December Decembers Decembers Decker Deckers Decs Dedekind Dedekinds Dee Deena Deenas Deere Deeres Dees Defoe Defoes Degas Degass Deidre Deidres Deimos Deimoss Deirdre Deirdres Deity Dejesus Dejesuss Del Delacroix Delacroixs Delacruz Delacruzs Delaney Delaneys Delano Delanos Delaware Delawarean Delawareans Delawareans Delawares Delawares Delbert Delberts Deleon Deleons Delgado Delgados Delhi Delhis Delia Delias Delibes Delibess Delicious Deliciouss Delilah Delilahs Delius Deliuss Dell Della Dellas Dells Delmar Delmars Delmarva Delmarvas Delmer Delmers Delmonico Delmonicos Delores Deloress Deloris Deloriss Delphi Delphic Delphics Delphinus Delphinuss Delphis Dels Delta Deltas Deltona Deltonas Dem Demavend Demavends Demerol Demerols Demeter Demeters Demetrius Demetriuss Deming Demings Democrat Democratic Democrats Democrats Democritus Democrituss Demosthenes Demostheness Dempsey Dempseys Dena Denas Deneb Denebola Denebolas Denebs Deng Dengs Denis Denise Denises Deniss Denmark Denmarks Dennis Denniss Denny Dennys Denton Dentons Denver Denvers Deon Deons Depp Depps Derby Derbys Derek Dereks Derick Dericks Derrick Derricks Derrida Derridas Descartes Descartess Desdemona Desdemonas Desiree Desirees Desmond Desmonds Detroit Detroits Deuteronomy Deuteronomys Devanagari Devanagaris Devi Devin Devins Devis Devon Devonian Devonians Devons Dewar Dewars Dewayne Dewaynes Dewey Deweys Dewitt Dewitts Dexedrine Dexedrines Dexter Dexters Dhaka Dhakas Dhaulagiri Dhaulagiris Di DiCaprio DiCaprios DiMaggio DiMaggios Diaghilev Diaghilevs Dial Dials Diana Dianas Diane Dianes Diann Dianna Diannas Dianne Diannes Dianns Diaspora Diasporas Diaz Diazs Dick Dickens Dickenss Dickerson Dickersons Dickinson Dickinsons Dicks Dickson Dicksons Dictaphone Dictaphones Diderot Diderots Dido Didos Didrikson Didriksons Diefenbaker Diefenbakers Diego Diegos Diem Diems Diesel Diesels Dietrich Dietrichs Dijkstra Dijkstras Dijon Dijons Dilbert Dilberts Dilberts Dillard Dillards Dillinger Dillingers Dillon Dillons Dina Dinah Dinahs Dinas Dino Dinos Diocletian Diocletians Diogenes Diogeness Dion Dionne Dionnes Dions Dionysian Dionysians Dionysus Dionysuss Diophantine Diophantines Dior Diors Dipper Dippers Dirac Diracs Dirichlet Dirichlets Dirk Dirks Dis Dis Disney Disneyland Disneylands Disneys Disraeli Disraelis Diss Diwali Diwalis Dix Dixie Dixiecrat Dixiecrats Dixieland Dixielands Dixielands Dixies Dixon Dixons Dixs Djakarta Djakartas Django Djangos Djibouti Djiboutis Dmitri Dmitris Dnepropetrovsk Dnepropetrovsks Dnieper Dniepers Dniester Dniesters Dobbin Dobbins Doberman Dobermans Dobro Dobros Doctor Doctorow Doctorows Dodge Dodges Dodgson Dodgsons Dodoma Dodomas Dodson Dodsons Doe Does Doha Dohas Dolby Dolbys Dole Doles Dollie Dollies Dolly Dollys Dolores Doloress Domesday Domesdays Domingo Domingos Dominguez Dominguezs Dominic Dominica Dominican Dominicans Dominicans Dominicas Dominick Dominicks Dominics Dominique Dominiques Domitian Domitians Don Dona Donahue Donahues Donald Donalds Donaldson Donaldsons Donas Donatello Donatellos Donetsk Donetsks Donizetti Donizettis Donn Donna Donnas Donne Donnell Donnells Donner Donners Donnes Donnie Donnies Donns Donny Donnys Donovan Donovans Dons Dooley Dooleys Doolittle Doolittles Doonesbury Doonesburys Doppler Dopplers Dora Doras Dorcas Dorcass Doreen Doreens Dorian Dorians Doric Dorics Doris Doriss Doritos Doritoss Dorothea Dorotheas Dorothy Dorothys Dorset Dorsets Dorsey Dorseys Dorthy Dorthys Dortmund Dortmunds Dostoevsky Dostoevskys Dot Dothan Dothans Dots Dotson Dotsons Douala Doualas Douay Douays Doubleday Doubledays Doug Douglas Douglass Douglass Douglasss Dougs Douro Douros Dover Dovers Dow Downs Downss Downy Downys Dows Doyle Doyles Dr Draco Draconian Draconians Dracos Dracula Draculas Drake Drakes Dramamine Dramamines Drambuie Drambuies Drano Dranos Dravidian Dravidians Dreiser Dreisers Durer Durers Dresden Dresdens Drew Drews Dreyfus Dreyfuss Dristan Dristans Dropbox Dropboxs Drudge Drudges Druid Druids Drupal Drupals Dryden Drydens Ds Dschubba Dschubbas Dusseldorf Dusseldorfs DuPont DuPonts Duane Duanes Dubai Dubais Dubcek Dubceks Dubhe Dubhes Dublin Dublins Dubrovnik Dubrovniks Dubuque Dubuques Duchamp Duchamps Dudley Dudleys Duffy Duffys Duisburg Duisburgs Duke Dukes Dulles Dulless Duluth Duluths Dumas Dumass Dumbledore Dumbledores Dumbo Dumbos Dumpster Dumpsters Dunant Dunants Dunbar Dunbars Duncan Duncans Dunedin Dunedins Dunkirk Dunkirks Dunlap Dunlaps Dunn Dunne Dunnes Dunns Duracell Duracells Duran Durans Durant Durante Durantes Durants Durban Durbans Durex Durexs Durham Durhams Durhams Durkheim Durkheims Duroc Durocher Durochers Durocs Duse Duses Dushanbe Dushanbes Dustbuster Dustbusters Dustin Dustins Dusty Dustys Dutch Dutchman Dutchmans Dutchmen Dutchmens Dutchs Duvalier Duvaliers Dvina Dvinas Dvorak Dvoraks Dwayne Dwaynes Dwight Dwights Dyer Dyers Dylan Dylans DynamoDB DynamoDBs Dyson Dysons Dzerzhinsky Dzerzhinskys Dzungaria Dzungarias E EC ECG ECGs ECMAScript ECMAScripts EDT EEC EECs EEG EEGs EEO EFL EKG EKGs EMT EPA EPAs ER ERA ESL ESP ESPN ESPNs ESPs EST ESTs ET ETA ETD EULA EULAs Eakins Eakinss Earhart Earharts Earl Earle Earlene Earlenes Earles Earline Earlines Earls Earnest Earnestine Earnestines Earnests Earnhardt Earnhardts Earp Earps Earth Earths East Easter Eastern Easterner Easters Easters Eastman Eastmans Easts Easts Eastwood Eastwoods Eaton Eatons Eben Ebeneezer Ebeneezers Ebens Ebert Eberts Ebola Ebolas Ebonics Ebonicss Ebony Ebonys Ebro Ebros Ecclesiastes Ecclesiastess Eco Ecos Ecuador Ecuadoran Ecuadorans Ecuadorans Ecuadorian Ecuadorians Ecuadorians Ecuadors Ed Edam Edams Edams Edda Eddas Eddie Eddies Eddington Eddingtons Eddy Eddys Eden Edens Edens Edgar Edgardo Edgardos Edgars Edinburgh Edinburghs Edison Edisons Edith Ediths Edmond Edmonds Edmonton Edmontons Edmund Edmunds Edna Ednas Eds Edsel Edsels Eduardo Eduardos Edward Edwardian Edwardians Edwardo Edwardos Edwards Edwards Edwardss Edwin Edwina Edwinas Edwins Eeyore Eeyores Effie Effies Efrain Efrains Efren Efrens Eggo Eggos Egypt Egyptian Egyptians Egyptians Egyptology Egyptologys Egypts Ehrenberg Ehrenbergs Ehrlich Ehrlichs Eichmann Eichmanns Eiffel Eiffels Eileen Eileens Einstein Einsteins Einsteins Eire Eires Eisenhower Eisenhowers Eisenstein Eisensteins Eisner Eisners Elaine Elaines Elam Elams Elanor Elanors Elasticsearch Elasticsearchs Elastoplast Elastoplasts Elba Elbas Elbe Elbert Elberts Elbes Elbrus Elbruss Eldersburg Eldersburgs Eldon Eldons Eleanor Eleanors Eleazar Eleazars Electra Electras Elena Elenas Elgar Elgars Eli Elias Eliass Elijah Elijahs Elinor Elinors Eliot Eliots Elis Elisa Elisabeth Elisabeths Elisas Elise Eliseo Eliseos Elises Elisha Elishas Eliza Elizabeth Elizabethan Elizabethans Elizabethans Elizabeths Elizabethtown Elizabethtowns Elizas Elkhart Elkharts Ella Ellas Ellen Ellens Ellesmere Ellesmeres Ellie Ellies Ellington Ellingtons Elliot Elliots Elliott Elliotts Ellis Ellison Ellisons Elliss Elma Elmas Elmer Elmers Elmira Elmiras Elmo Elmos Elnath Elnaths Elnora Elnoras Elohim Elohims Eloise Eloises Eloy Eloys Elroy Elroys Elsa Elsas Elsie Elsies Elsinore Elsinores Eltanin Eltanins Elton Eltons Elul Eluls Elva Elvas Elvia Elvias Elvin Elvins Elvira Elviras Elvis Elviss Elway Elways Elwood Elwoods Elyria Elyrias Elysee Elysees Elysian Elysians Elysium Elysiums Elysiums Emacs Emacss Emanuel Emanuels Emerson Emersons Emery Emerys Emil Emile Emiles Emilia Emilias Emilio Emilios Emils Emily Emilys Eminem Eminems Emma Emmanuel Emmanuels Emmas Emmett Emmetts Emmy Emmys Emory Emorys Encarta Encartas Endymion Endymions Eng Engels Engelss England Englands English Englisher Englishes Englishman Englishmans Englishmen Englishmens Englishs Englishwoman Englishwomans Englishwomen Englishwomens Engs Enid Enids Enif Enifs Eniwetok Eniwetoks Enkidu Enkidus Enoch Enochs Enos Enoss Enrico Enricos Enrique Enriques Enron Enrons Enterprise Enterprises Eocene Eocenes Epcot Epcots Ephesian Ephesians Ephesus Ephesuss Ephraim Ephraims Epictetus Epictetuss Epicurean Epicureans Epicurus Epicuruss Epimethius Epimethiuss Epiphanies Epiphany Epiphanys Episcopal Episcopalian Episcopalians Episcopalians Epsom Epsoms Epson Epsons Epstein Epsteins Equuleus Equuleuss Er Erasmus Erasmuss Erato Eratos Eratosthenes Eratostheness Erebus Erebuss Erector Erectors Erewhon Erewhons Erhard Erhards Eric Erica Ericas Erich Erichs Erick Ericka Erickas Ericks Erickson Ericksons Erics Ericson Ericsons Ericsson Ericssons Eridanus Eridanuss Erie Eries Erik Erika Erikas Eriks Erin Erins Eris Erises Eriss Eritrea Eritreas Erlang Erlangs Erlenmeyer Erlenmeyers Erma Ermas Erna Ernas Ernest Ernestine Ernestines Ernesto Ernestos Ernests Ernie Ernies Ernst Ernsts Eros Eroses Eross Errol Errols Ers Erse Erses ErvIn ErvIns Erwin Erwins Es Es Esau Esaus Escher Escherichia Escherichias Eschers Eskimo Eskimos Eskimos Esmeralda Esmeraldas Esperanto Esperantos Esperanza Esperanzas Espinoza Espinozas Esq Esqs Essen Essene Essenes Essens Essequibo Essequibos Essex Essexs Essie Essies Establishment Esteban Estebans Estela Estelas Estella Estellas Estelle Estelles Ester Esterhazy Esterhazys Esters Estes Estess Esther Esthers Estonia Estonian Estonians Estonians Estonias Estrada Estradas Ethan Ethans Ethel Ethelred Ethelreds Ethels Ethernet Ethernets Ethiopia Ethiopian Ethiopians Ethiopians Ethiopias Etna Etnas Eton Etons Etruria Etrurias Etruscan Etruscans Etta Ettas Eu Eucharist Eucharistic Eucharists Eucharists Euclid Euclidean Euclideans Euclids Eugene Eugenes Eugenia Eugenias Eugenie Eugenies Eugenio Eugenios Eula Eulas Euler Eulers Eumenides Eumenidess Eunice Eunices Euphrates Euphratess Eurasia Eurasian Eurasians Eurasians Eurasias Euripides Euripidess Eurodollar Eurodollars Eurodollars Europa Europas Europe European Europeans Europeans Europes Eurydice Eurydices Eus Eustachian Eustachians Eustis Eustiss Euterpe Euterpes Eva Evan Evangelina Evangelinas Evangeline Evangelines Evans Evans Evanss Evansville Evansvilles Evas Eve Evelyn Evelyns Evenki Evenkis EverReady EverReadys Everest Everests Everett Everette Everettes Everetts Everglades Evergladess Evert Everts Eves Evian Evians Evita Evitas Ewing Ewings Excalibur Excaliburs Excedrin Excedrins Excellencies Excellency Excellencys Exercycle Exercycles Exocet Exocets Exodus Exoduss Exxon Exxons Eyck Eycks Eyre Eyres Eysenck Eysencks Ezekiel Ezekiels Ezra Ezras F FAA FAQ FAQs FAQs FBI FBIs FCC FDA FDIC FDICs FDR FDRs FHA FHAs FICA FICAs FL FM FMs FMs FNMA FNMAs FOFL FORTRAN FORTRANs FPO FSF FSFs FSLIC FTC FUD FUDs FWIW FYI Faberge Faberges Fabian Fabians Facebook Facebooks Faeroe Faeroes Fafnir Fafnirs Fagin Fagins Fahd Fahds Fahrenheit Fahrenheits Fairbanks Fairbankss Fairfield Fairfields Fairhope Fairhopes Faisal Faisalabad Faisalabads Faisals Faith Faiths Fajardo Fajardos Falasha Falashas Falkland Falklands Falklands Falklandss Fallopian Fallopians Falstaff Falstaffs Falwell Falwells Fannie Fannies Fanny Fannys Faraday Faradays Fargo Fargos Farley Farleys Farmer Farmers Farmington Farmingtons Farragut Farraguts Farrakhan Farrakhans Farrell Farrells Farrow Farrows Farsi Farsis Fascism Fassbinder Fassbinders Fatah Fatahs Fates Fatess Father Fathers Fathers Fatima Fatimas Fatimid Fatimids Faulkner Faulknerian Faulknerians Faulkners Fauntleroy Fauntleroys Faust Faustian Faustians Faustino Faustinos Fausts Faustus Faustuss Fawkes Fawkess Fay Faye Fayes Fayetteville Fayettevilles Fays Fe Feb Februaries February Februarys Febs Fed FedEx FedExs Federalist Federalists Federico Federicos Feds Feds Fedss Felecia Felecias Felice Felices Felicia Felicias Felicity Felicitys Felipe Felipes Felix Felixs Fellini Fellinis Fenian Fenians Ferber Ferbers Ferdinand Ferdinands Fergus Ferguson Fergusons Ferguss Ferlinghetti Ferlinghettis Fermat Fermats Fermi Fermis Fern Fernandez Fernandezs Fernando Fernandos Ferns Ferrari Ferraris Ferraro Ferraros Ferrell Ferrells Ferris Ferriss Fes Feynman Feynmans Fez Fezs Fiat Fiats Fiberglas Fiberglass Fibonacci Fibonaccis Fichte Fichtes Fidel Fidels Fido Fidos Fielding Fieldings Fields Fieldss Figaro Figaros Figueroa Figueroas Fiji Fijian Fijians Fijians Fijis Filipino Filipinos Filipinos Fillmore Fillmores Filofax Filofaxs Finch Finchs Finland Finlands Finley Finleys Finn Finnbogadottir Finnbogadottirs Finnegan Finnegans Finnish Finnishs Finns Finns Fiona Fionas Firebase Firebases Firefox Firefoxs Firestone Firestones Fischer Fischers Fisher Fishers Fisk Fisks Fitch Fitchburg Fitchburgs Fitchs Fitzgerald Fitzgeralds Fitzpatrick Fitzpatricks Fitzroy Fitzroys Fizeau Fizeaus Fla Flagstaff Flagstaffs Flanagan Flanagans Flanders Flanderss Flatt Flatts Flaubert Flauberts Fleischer Fleischers Fleming Flemings Flemish Flemishs Fletcher Fletchers Flint Flints Flintstones Flintstoness Flo Flora Floras Florence Florences Florentine Florentines Flores Floress Florida Floridan Floridans Floridas Florine Florines Florsheim Florsheims Flory Florys Flos Flossie Flossies Flowers Flowerss Floyd Floyds Flynn Flynns Fm Fms Foch Fochs Fokker Fokkers Foley Foleys Folgers Folgerss Folsom Folsoms Fomalhaut Fomalhauts Fonda Fondas Foosball Foosballs Forbes Forbess Ford Fords Foreman Foremans Forest Forester Foresters Forests Formica Formicas Formicas Formosa Formosan Formosans Formosas Forrest Forrests Forster Forsters Fortaleza Fortalezas Fosse Fosses Foster Fosters Fotomat Fotomats Foucault Foucaults Fourier Fouriers Fourneyron Fourneyrons Fowler Fowlers Fox Foxs Fr Fragonard Fragonards Fran France Frances Frances Francesca Francescas Francess Francine Francines Francis Francisca Franciscan Franciscans Franciscas Francisco Franciscos Franciss Franck Francks Franco Francois Francoise Francoises Francoiss Francos Franglais Franglaiss Frank Frankel Frankels Frankenstein Frankensteins Frankfort Frankforts Frankfurt Frankfurter Frankfurters Frankfurts Frankie Frankies Franklin Franklins Franks Franks Frankss Franny Frannys Frans Franz Franzs Fraser Frasers Frazier Fraziers Fred Freda Fredas Freddie Freddies Freddy Freddys Frederic Frederick Fredericks Fredericksburg Fredericksburgs Frederics Fredericton Frederictons Fredric Fredrick Fredricks Fredrics Freds Freeman Freemans Freemason Freemasonries Freemasonry Freemasonrys Freemasons Freemasons Freetown Freetowns Freida Freidas Fremont Fremonts French Frenches Frenchman Frenchmans Frenchmen Frenchmens Frenchs Frenchwoman Frenchwomans Frenchwomen Frenchwomens Freon Freons Fresnel Fresnels Fresno Fresnos Freud Freudian Freudians Freuds Frey Freya Freyas Freys Fri Friday Fridays Fridays Frieda Friedan Friedans Friedas Friedman Friedmann Friedmanns Friedmans Frigga Friggas Frigidaire Frigidaires Fris Frisbee Frisbees Frisco Friscos Frisian Frisians Frito Fritos Fritz Fritzs Frobisher Frobishers Froissart Froissarts Fromm Fromms Fronde Frondes Frontenac Frontenacs Frost Frostbelt Frostbelts Frosts Frs Fry Frye Fryes Frys Fs Fuchs Fuchss Fuentes Fuentess Fugger Fuggers Fuji Fujis Fujitsu Fujitsus Fujiwara Fujiwaras Fukuoka Fukuokas Fukuyama Fukuyamas Fulani Fulanis Fulbright Fulbrights Fuller Fullers Fulton Fultons Funafuti Funafutis Fundy Fundys Furtwangler Furtwanglers Fushun Fushuns Fuzhou Fuzhous Fuzzbuster Fuzzbusters G GA GB GE GED GEs GHQ GHQs GHz GI GIF GIGO GM GMAT GMO GMT GMTs GMs GNP GNPs GNU GNUs GOP GOPs GP GPA GPS GPU GPs GTE GTEs GUI Ga Gable Gables Gabon Gabons Gaborone Gaborones Gabriel Gabriela Gabrielas Gabrielle Gabrielles Gabriels Gacrux Gacruxs Gadsden Gadsdens Gaea Gaeas Gael Gaelic Gaelics Gaels Gagarin Gagarins Gage Gages Gaia Gaias Gail Gails Gaiman Gaimans Gaines Gainess Gainesville Gainesvilles Gainsborough Gainsboroughs Galahad Galahads Galahads Galapagos Galapagoss Galatea Galateas Galatia Galatians Galatianss Galatias Galbraith Galbraiths Gale Galen Galens Gales Galibi Galibis Galilean Galileans Galilee Galilees Galileo Galileos Gall Gallagher Gallaghers Gallegos Gallegoss Gallic Gallics Gallo Gallos Galloway Galloways Galls Gallup Gallups Galois Galoiss Galsworthy Galsworthys Galvani Galvanis Galveston Galvestons Gamay Gamays Gambia Gambias Gamble Gambles Gamow Gamows Gandhi Gandhian Gandhians Gandhis Ganesha Ganeshas Ganges Gangess Gangtok Gangtoks Gantry Gantrys Ganymede Ganymedes Gap Gaps Garbo Garbos Garcia Garcias Gardner Gardners Gareth Gareths Garfield Garfields Garfunkel Garfunkels Gargantua Gargantuas Garibaldi Garibaldis Garland Garlands Garner Garners Garrett Garretts Garrick Garricks Garrison Garrisons Garry Garrys Garth Garths Garvey Garveys Gary Garys Garza Garzas Gas Gascony Gasconys Gasser Gassers Gastonia Gastonias Gates Gatess Gatling Gatlings Gatorade Gatorades Gatsby Gatsbys Gatun Gatuns Gauguin Gauguins Gaul Gauls Gauls Gauss Gaussian Gaussians Gausss Gautama Gautamas Gautier Gautiers Gavin Gavins Gawain Gawains Gay Gayle Gayles Gays Gaza Gazas Gaziantep Gazianteps Gd Gdansk Gdansks Godel Godels Gds Ge Geffen Geffens Gehenna Gehennas Gehrig Gehrigs Geiger Geigers Gelbvieh Gelbviehs Geller Gellers Gemini Geminis Geminis Gen Gena Genaro Genaros Genas Gene Genes Genesis Genesiss Genet Genets Geneva Genevas Genevieve Genevieves Genghis Genghiss Genoa Genoas Genoas Gens Gentile Gentiles Gentiles Gentoo Gentoos Gentry Gentrys Geo Geoffrey Geoffreys George Georges Georges Georgetown Georgetowns Georgette Georgettes Georgia Georgian Georgians Georgians Georgias Georgina Georginas Geos Ger Gerald Geraldine Geraldines Geralds Gerard Gerardo Gerardos Gerards Gerber Gerbers Gere Geres Geritol Geritols German Germanic Germanics Germans Germans Germany Germanys Geronimo Geronimos Gerry Gerrys Gers Gershwin Gershwins Gertrude Gertrudes Ges Gestapo Gestapos Gestapos Gethsemane Gethsemanes Getty Gettys Gettysburg Gettysburgs Gewurztraminer Gewurztraminers Ghana Ghanaian Ghanas Ghanian Ghanians Ghanians Ghats Ghatss Ghazvanid Ghazvanids Ghent Ghents Ghibelline Ghibellines Giacometti Giacomettis Giannini Gianninis Giauque Giauques Gibbon Gibbons Gibbs Gibbss Gibraltar Gibraltars Gibraltars Gibson Gibsons Gide Gideon Gideons Gides Gielgud Gielguds Gienah Gienahs Gil Gila Gilas Gilbert Gilberto Gilbertos Gilberts Gilchrist Gilchrists Gilda Gildas Gilead Gileads Giles Giless Gilgamesh Gilgameshs Gill Gillespie Gillespies Gillette Gillettes Gilliam Gilliams Gillian Gillians Gilligan Gilligans Gills Gilmore Gilmores Gilroy Gilroys Gils Gina Ginas Ginger Gingers Gingrich Gingrichs Ginny Ginnys Gino Ginos Ginsberg Ginsbergs Ginsburg Ginsburgs Ginsu Ginsus Giorgione Giorgiones Giotto Giottos Giovanni Giovannis Gipsies Gipsy Gipsys Giraudoux Giraudouxs Giselle Giselles Gish Gishs GitHub GitHubs Giuliani Giulianis Giuseppe Giuseppes Giza Gizas Gladstone Gladstones Gladstones Gladys Gladyss Glaser Glasers Glasgow Glasgows Glass Glasss Glastonbury Glastonburys Glaswegian Glaswegians Glaxo Glaxos Gleason Gleasons Glen Glenda Glendale Glendas Glenlivet Glenlivets Glenn Glenna Glennas Glenns Glens Gloria Glorias Gloucester Gloucesters Glover Glovers Gnostic Gnosticism Gnosticisms Gnostics GnuPG Goa Goas Gobi Gobis God Goddard Goddards Godiva Godivas Godot Godots Gods Godthaab Godthaabs Godunov Godunovs Godzilla Godzillas Goebbels Goebbelss Goering Goerings Goethals Goethalss Goethe Goethes Goff Goffs Gog Gogol Gogols Gogs Goiania Goianias Golan Golans Golconda Golcondas Golda Goldas Goldberg Goldbergs Golden Goldens Goldie Goldies Goldilocks Goldilockss Golding Goldings Goldman Goldmans Goldsboro Goldsboros Goldsmith Goldsmiths Goldwater Goldwaters Goldwyn Goldwyns Golgi Golgis Golgotha Golgothas Goliath Goliaths Gomez Gomezs Gomorrah Gomorrahs Gompers Gomperss Gomulka Gomulkas Gondwanaland Gondwanalands Gonzales Gonzaless Gonzalez Gonzalezs Gonzalo Gonzalos Good Goodall Goodalls Goodman Goodmans Goodrich Goodrichs Goods Goodwill Goodwills Goodwin Goodwins Goodyear Goodyears Google Googles Goolagong Goolagongs Gopher Gorbachev Gorbachevs Gordian Gordians Gordimer Gordimers Gordon Gordons Gore Goren Gorens Gores Gorey Goreys Gorgas Gorgass Gorgonzola Gorgonzolas Gorky Gorkys Gospel Gospels Gospels Goth Gotham Gothams Gothic Gothics Gothics Goths Goths Gouda Goudas Goudas Gould Goulds Gounod Gounods Goya Goyas Grable Grables Gracchus Gracchuss Grace Graceland Gracelands Graces Gracie Graciela Gracielas Gracies Grady Gradys Graffias Graffiass Grafton Graftons Graham Grahame Grahames Grahams Grail Grails Grammy Grammys Grampians Grampianss Granada Granadas Grant Grants Grass Grasss Graves Gravess Gray Grays Grayslake Grayslakes Grecian Grecians Greece Greeces Greek Greeks Greeks Greeley Greeleys Green Greene Greenes Greenland Greenlands Greenpeace Greenpeaces Greens Greensboro Greensboros Greensleeves Greensleevess Greenspan Greenspans Greenville Greenvilles Greenwich Greenwichs Greer Greers Greg Gregg Greggs Gregorian Gregorians Gregorio Gregorios Gregory Gregorys Gregs Grenada Grenadas Grenadines Grenadiness Grendel Grendels Grenoble Grenobles Gresham Greshams Greta Gretas Gretchen Gretchens Gretel Gretels Gretzky Gretzkys Grey Greys Grieg Griegs Griffin Griffins Griffith Griffiths Grimes Grimess Grimm Grimms Grinch Grinchs Gris Griss Grunewald Grunewalds Gromyko Gromykos Gropius Gropiuss Gross Grosss Grosz Groszs Grotius Grotiuss Grover Grovers Grumman Grummans Grundy Grundys Grus Gruss Gruyeres Gruyere Gruyeres Gs Goteborg Goteborgs Guadalajara Guadalajaras Guadalcanal Guadalcanals Guadalquivir Guadalquivirs Guadalupe Guadalupes Guadeloupe Guadeloupes Guallatiri Guallatiris Guam Guams Guangzhou Guangzhous Guantanamo Guantanamos Guarani Guaranis Guarnieri Guarnieris Guatemala Guatemalan Guatemalans Guatemalans Guatemalas Guayama Guayamas Guayaquil Guayaquils Gucci Guccis Guelph Guelphs Guernsey Guernseys Guernseys Guerra Guerras Guerrero Guerreros Guevara Guevaras Guggenheim Guggenheims Guiana Guianas Guido Guillermo Guillermos Guinea Guinean Guineans Guineans Guineas Guinevere Guineveres Guinness Guinnesss Guiyang Guiyangs Guizot Guizots Gujarat Gujarati Gujaratis Gujarats Gujranwala Gujranwalas Gulfport Gulfports Gullah Gullahs Gulliver Gullivers Gumbel Gumbels Gunther Gunthers Guofeng Guofengs Gupta Guptas Gurkha Gurkhas Gus Guss Gustav Gustavo Gustavos Gustavs Gustavus Gustavuss Gutenberg Gutenbergs Guthrie Guthries Gutierrez Gutierrezs Guy Guyana Guyanas Guyanese Guyaneses Guys Guzman Guzmans Gwalior Gwaliors Gwen Gwendoline Gwendolines Gwendolyn Gwendolyns Gwens Gwyn Gwyns Gypsies Gypsy Gypsys H HBO HBOs HBase HBases HDD HDMI HDTV HF HFs HHS HI HIV HIVs HMO HMOs HMS HOV HP HPs HQ HQs HR HRH HS HSBC HSBCs HST HTML HTMLs HTTP HUD HUDs Haas Haass Habakkuk Habakkuks Haber Habers Hadar Hadars Hades Hadess Hadoop Hadoops Hadrian Hadrians Hafiz Hafizs Hagar Hagars Hagerstown Hagerstowns Haggai Haggais Hagiographa Hagiographas Hague Hagues Hahn Hahns Haifa Haifas Haiphong Haiphongs Haiti Haitian Haitians Haitians Haitis Hakka Hakkas Hakluyt Hakluyts Hal Haldane Haldanes Hale Haleakala Haleakalas Hales Haley Haleys Halifax Halifaxs Hall Halley Halleys Halliburton Halliburtons Hallie Hallies Hallmark Hallmarks Halloween Halloween Halloweens Halloweens Halls Hallstatt Hallstatts Halon Halons Hals Hals Halsey Halseys Halss Ham Haman Hamans Hamburg Hamburgs Hamburgs Hamhung Hamhungs Hamilcar Hamilcars Hamill Hamills Hamilton Hamiltonian Hamiltonians Hamiltons Hamitic Hamitics Hamlet Hamlets Hamlin Hamlins Hammarskjold Hammarskjolds Hammerstein Hammersteins Hammett Hammetts Hammond Hammonds Hammurabi Hammurabis Hampshire Hampshires Hampton Hamptons Hams Hamsun Hamsuns Han Hancock Hancocks Handel Handels Handy Handys Haney Haneys Hanford Hanfords Hangul Hanguls Hangzhou Hangzhous Hank Hanks Hanna Hannah Hannahs Hannas Hannibal Hannibals Hanoi Hanois Hanover Hanoverian Hanoverians Hanovers Hans Hans Hansel Hansels Hansen Hansens Hanson Hansons Hanss Hanukkah Hanukkahs Hanukkahs Hapsburg Hapsburgs Harare Harares Harbin Harbins Hardin Harding Hardings Hardins Hardy Hardys Hargreaves Hargreavess Harlan Harlans Harlem Harlems Harlequin Harlequins Harley Harleys Harlingen Harlingens Harlow Harlows Harmon Harmons Harold Harolds Harper Harpers Harrell Harrells Harriet Harriets Harriett Harrietts Harrington Harringtons Harris Harrisburg Harrisburgs Harrison Harrisonburg Harrisonburgs Harrisons Harriss Harrods Harrodss Harry Harrys Hart Harte Hartes Hartford Hartfords Hartline Hartlines Hartman Hartmans Harts Harvard Harvards Harvey Harveys Hasbro Hasbros Hasidim Hasidims Hastings Hastingss Hatfield Hatfields Hathaway Hathaways Hatsheput Hatsheputs Hatteras Hatterass Hattie Hatties Hattiesburg Hattiesburgs Hauptmann Hauptmanns Hausa Hausas Hausdorff Hausdorffs Havana Havanas Havanas Havarti Havartis Havel Havels Havoline Havolines Hawaii Hawaiian Hawaiians Hawaiians Hawaiis Hawking Hawkings Hawkins Hawkinss Hawthorne Hawthornes Hay Hayden Haydens Haydn Haydns Hayes Hayess Haynes Hayness Hays Hays Hayss Haywood Haywoods Hayworth Hayworths Hazel Hazels Hazleton Hazletons Hazlitt Hazlitts He Head Heads Hearst Hearsts Heath Heather Heathers Heaths Heaviside Heavisides Hebe Hebert Heberts Hebes Hebraic Hebraics Hebrew Hebrews Hebrews Hebrewss Hebrides Hebridess Hecate Hecates Hector Hectors Hecuba Hecubas Heep Heeps Hefner Hefners Hegel Hegelian Hegelians Hegels Hegira Hegiras Heidegger Heideggers Heidelberg Heidelbergs Heidi Heidis Heifetz Heifetzs Heimlich Heimlichs Heine Heineken Heinekens Heines Heinlein Heinleins Heinrich Heinrichs Heinz Heinzs Heisenberg Heisenbergs Heisman Heismans Helen Helena Helenas Helene Helenes Helens Helga Helgas Helicon Helicons Heliopolis Heliopoliss Helios Helioss Hell Hellenic Hellenics Hellenism Hellenisms Hellenisms Hellenistic Hellenistics Hellenization Hellenizations Hellenize Hellenizes Heller Hellers Hellespont Hellesponts Hellman Hellmans Hells Hells Helmholtz Helmholtzs Helsinki Helsinkis Helvetius Helvetiuss Hemet Hemets Hemingway Hemingways Hench Henchs Henderson Hendersons Hendricks Hendrickss Hendrix Hendrixs Henley Henleys Hennessy Hennessys Henri Henrietta Henriettas Henris Henry Henrys Hensley Hensleys Henson Hensons Hepburn Hepburns Hephaestus Hephaestuss Hepplewhite Hepplewhites Hera Heraclitus Heraclituss Heras Herbart Herbarts Herbert Herberts Herculaneum Herculaneums Hercules Herculess Herder Herders Hereford Herefords Herero Hereros Heriberto Heribertos Herman Hermans Hermaphroditus Hermaphrodituss Hermes Hermess Herminia Herminias Hermitage Hermitages Hermite Hermites Hermosillo Hermosillos Hernandez Hernandezs Herod Herodotus Herodotuss Herods Heroku Herokus Herrera Herreras Herrick Herricks Herring Herrings Herschel Herschels Hersey Herseys Hershel Hershels Hershey Hersheys Hertz Hertzs Hertzsprung Hertzsprungs Herzegovina Herzegovinas Herzl Herzls Hes Heshvan Heshvans Hesiod Hesiods Hesperia Hesperias Hesperus Hesperuss Hess Hesse Hesses Hessian Hessians Hesss Hester Hesters Heston Hestons Hettie Hetties Hewitt Hewitts Hewlett Hewletts Heyerdahl Heyerdahls Heywood Heywoods Hezbollah Hezbollahs Hezekiah Hezekiahs Hf Hfs Hg Hgs Hialeah Hialeahs Hiawatha Hiawathas Hibernia Hibernias Hickman Hickmans Hickok Hickoks Hickory Hickorys Hicks Hickss Hieronymus Hieronymuss Higgins Higginss Highlander Highlanders Highlanders Highness Highnesss Hightstown Hightstowns Hilario Hilarios Hilary Hilarys Hilbert Hilberts Hilda Hildas Hildebrand Hildebrands Hilfiger Hilfigers Hill Hillary Hillarys Hillel Hillels Hills Hilton Hiltons Himalaya Himalayas Himalayas Himalayass Himmler Himmlers Hinayana Hinayanas Hindemith Hindemiths Hindenburg Hindenburgs Hindi Hindis Hindu Hinduism Hinduisms Hinduisms Hindus Hindus Hindustan Hindustani Hindustanis Hindustans Hines Hiness Hinesville Hinesvilles Hinton Hintons Hipparchus Hipparchuss Hippocrates Hippocratess Hippocratic Hippocratics Hiram Hirams Hirobumi Hirobumis Hirohito Hirohitos Hiroshima Hiroshimas Hispanic Hispanics Hispanics Hispaniola Hispaniolas Hiss Hisss Hitachi Hitachis Hitchcock Hitchcocks Hitler Hitlers Hitlers Hittite Hittites Heloise Heloises Hmong Hmongs Ho Hobart Hobarts Hobbes Hobbess Hobbs Hobbss Hockney Hockneys Hodge Hodges Hodges Hodgess Hodgkin Hodgkins Hoff Hoffa Hoffas Hoffman Hoffmans Hoffs Hofstadter Hofstadters Hogan Hogans Hogarth Hogarths Hogwarts Hogwartss Hohenlohe Hohenlohes Hohenstaufen Hohenstaufens Hohenzollern Hohenzollerns Hohhot Hohhots Hohokam Hohokams Hokkaido Hokkaidos Hokusai Hokusais Holbein Holbeins Holcomb Holcombs Holden Holdens Holder Holders Holiday Holidays Holland Hollands Hollands Hollerith Holleriths Holley Holleys Hollie Hollies Hollis Holliss Holloway Holloways Holly Hollys Hollywood Hollywoods Holman Holmans Holmes Holmess Holocaust Holocausts Holocene Holocenes Holst Holstein Holsteins Holsteins Holsts Holt Holts Homer Homeric Homerics Homers Hon Honda Hondas Honduran Hondurans Hondurans Honduras Hondurass Honecker Honeckers Honeywell Honeywells Hong Honiara Honiaras Honolulu Honolulus Honshu Honshus Hood Hoods Hooke Hooker Hookers Hookes Hooper Hoopers Hoosier Hoosiers Hooters Hooterss Hoover Hoovers Hoovers Hope Hopes Hopewell Hopewells Hopi Hopis Hopkins Hopkinss Hopper Hoppers Horace Horaces Horacio Horacios Horatio Horatios Hormel Hormels Hormuz Hormuzs Horn Hornblower Hornblowers Horne Hornes Horns Horowitz Horowitzs Horthy Horthys Horton Hortons Horus Horuss Hos Hosea Hoseas Hotpoint Hotpoints Hottentot Hottentots Houdini Houdinis Houma Houmas House Houses Housman Housmans Houston Houstons Houyhnhnm Houyhnhnms Hovhaness Hovhanesss Howard Howards Howe Howell Howells Howells Howellss Howes Hoyle Hoyles Hrothgar Hrothgars Hs Huang Huangs Hubbard Hubbards Hubble Hubbles Huber Hubers Hubert Huberts Huck Hucks Hudson Hudsons Huerta Huertas Huey Hueys Huff Huffman Huffmans Huffs Huggins Hugginss Hugh Hughes Hughess Hughs Hugo Hugos Huguenot Huguenots Huguenots Hui Huis Huitzilopotchli Huitzilopotchlis Hull Hulls Humberto Humbertos Humboldt Humboldts Hume Humes Hummer Hummers Humphrey Humphreys Humvee Humvees Hun Hung Hungarian Hungarians Hungarians Hungary Hungarys Hungs Huns Huns Hunspell Hunspells Hunt Hunter Hunters Huntington Huntingtons Huntley Huntleys Hunts Huntsville Huntsvilles Hurd Hurds Hurley Hurleys Huron Hurons Hurst Hursts Hus Huss Hussein Husseins Husserl Husserls Hussite Hussites Huston Hustons Hutchinson Hutchinsons Hutton Huttons Hutu Hutus Huxley Huxleys Huygens Huygenss Hyades Hyadess Hyde Hyderabad Hyderabads Hydes Hydra Hydras Hymen Hymens Hyperion Hyperions Hyundai Hyundais Hz Hzs I IA IBM IBMs ICBM ICBMs ICBMs ICC ICU ID IDE IDs IDs IE IED IEEE IKEA IKEAs IL IMF IMFs IMHO IMNSHO IMO IN ING INGs INS IOU IOUs IP IPA IPO IQ IQs IRA IRAs IRAs IRC IRS IRSs ISIS ISO ISOs ISP ISS IUD IV IVF IVs IVs Iaccoca Iaccocas Iago Iagos Ian Ians Iapetus Iapetuss Ibadan Ibadans Iberia Iberian Iberians Iberias Ibiza Ibizas Iblis Ibliss Ibo Ibos Ibsen Ibsens Icahn Icahns Icarus Icaruss Iceland Icelander Icelanders Icelanders Icelandic Icelandics Icelands Id Ida Idaho Idahoan Idahoans Idahoans Idahoes Idahos Idahos Idas Ieyasu Ieyasus Ignacio Ignacios Ignatius Ignatiuss Igor Igors Iguassu Iguassus Ijssel Ijsselmeer Ijsselmeers Ijssels Ike Ikes Ikhnaton Ikhnatons Ila Ilas Ilene Ilenes Iliad Iliads Ill Ill Illinois Illinoiss Illuminati Illuminatis Ilyushin Ilyushins Im Imelda Imeldas Imhotep Imhoteps Imodium Imodiums Imogene Imogenes Imus Imuss In Ina Inas Inc Inca Incas Incas Inchon Inchons Ind Independence Independences India Indian Indiana Indianan Indianans Indianans Indianapolis Indianapoliss Indianas Indians Indians Indias Indies Indiess Indio Indios Indira Indiras Indochina Indochinas Indochinese Indochineses Indonesia Indonesian Indonesians Indonesians Indonesias Indore Indores Indra Indras Indus Induss Indy Indys Ines Iness Inez Inezs Inge Inges Inglewood Ingram Ingrams Ingres Ingress Ingrid Ingrids Innocent Innocents Inonu Inonus Inquisition Inquisitions Ins Instagram Instagrams Instamatic Instamatics Intel Intels Intelsat Intelsats Internationale Internationales Internet Internets Internets Interpol Interpols Inuit Inuits Inuits Inuktitut Inuktituts Invar Invars Io Ionesco Ionescos Ionian Ionians Ionic Ionics Ionics Ios Iowa Iowan Iowans Iowans Iowas Iowas Iphigenia Iphigenias Iqaluit Iqaluits Iqbal Iqbals Iquitos Iquitoss Ir Ira Iran Iranian Iranians Iranians Irans Iraq Iraqi Iraqis Iraqis Iraqs Iras Ireland Irelands Irene Irenes Iris Irish Irisher Irishman Irishmans Irishmen Irishmens Irishs Irishwoman Irishwomans Irishwomen Irishwomens Iriss Irkutsk Irkutsks Irma Irmas Iroquoian Iroquoians Iroquois Iroquoiss Irrawaddy Irrawaddys Irs Irtish Irtishs Irvin Irving Irvings Irvins Irwin Irwins Is Isaac Isaacs Isabel Isabela Isabelas Isabella Isabellas Isabelle Isabelles Isabels Isaiah Isaiahs Iscariot Iscariots Isfahan Isfahans Isherwood Isherwoods Ishim Ishims Ishmael Ishmaels Ishtar Ishtars Isiah Isiahs Isidro Isidros Isis Isiss Islam Islamabad Islamabads Islamic Islamics Islamism Islamisms Islamist Islamists Islams Islams Ismael Ismaels Ismail Ismails Isolde Isoldes Ispell Ispells Israel Israeli Israelis Israelis Israelite Israelites Israels Israels Issac Issachar Issachars Issacs Istanbul Istanbuls Isuzu Isuzus It Itaipu Itaipus Italian Italians Italians Italy Italys Itasca Itascas Ithaca Ithacan Ithacans Ithacas Ito Itos Iva Ivan Ivanhoe Ivanhoes Ivans Ivas Ive Ives Ivess Ivory Ivorys Ivy Ivys Iyar Iyars Izaak Izaaks Izanagi Izanagis Izanami Izanamis Izhevsk Izhevsks Izmir Izmirs Izod Izods Izvestia Izvestias J JFK JFKs JP JPEG JV Jack Jackie Jackies Jacklyn Jacklyns Jacks Jackson Jacksonian Jacksonians Jacksons Jacksonville Jacksonvilles Jacky Jackys Jaclyn Jaclyns Jacob Jacobean Jacobeans Jacobi Jacobin Jacobins Jacobis Jacobite Jacobites Jacobs Jacobs Jacobson Jacobsons Jacobss Jacquard Jacquards Jacqueline Jacquelines Jacquelyn Jacquelyns Jacques Jacquess Jacuzzi Jacuzzis Jagger Jaggers Jagiellon Jagiellons Jaguar Jaguars Jahangir Jahangirs Jaime Jaimes Jain Jainism Jainisms Jains Jaipur Jaipurs Jakarta Jakartas Jake Jakes Jamaal Jamaals Jamaica Jamaican Jamaicans Jamaicans Jamaicas Jamal Jamals Jamar Jamars Jame Jamel Jamels James James Jamess Jamestown Jamestowns Jami Jamie Jamies Jamis Jan Jana Janacek Janaceks Janas Jane Janell Janelle Janelles Janells Janes Janesville Janesvilles Janet Janets Janette Janettes Janice Janices Janie Janies Janine Janines Janis Janiss Janissary Janissarys Janjaweed Janjaweeds Janna Jannas Jannie Jannies Jans Jansen Jansenist Jansenists Jansens Januaries January Januarys Janus Januss Japan Japanese Japaneses Japaneses Japans Japura Japuras Jared Jareds Jarlsberg Jarlsbergs Jarred Jarreds Jarrett Jarretts Jarrod Jarrods Jarvis Jarviss Jasmine Jasmines Jason Jasons Jasper Jaspers Jataka Jatakas Java JavaScript JavaScripts Javanese Javaneses Javas Javas Javier Javiers Jaxartes Jaxartess Jay Jayapura Jayapuras Jayawardene Jayawardenes Jaycee Jaycees Jaycees Jayceess Jayne Jaynes Jays Jayson Jaysons Jean Jeanette Jeanettes Jeanie Jeanies Jeanine Jeanines Jeanne Jeannes Jeannette Jeannettes Jeannie Jeannies Jeannine Jeannines Jeans Jed Jedi Jedis Jeds Jeep Jeeps Jeeves Jeevess Jeff Jefferey Jeffereys Jefferson Jeffersonian Jeffersonians Jeffersons Jeffery Jefferys Jeffrey Jeffreys Jeffry Jeffrys Jeffs Jehoshaphat Jehoshaphats Jehovah Jehovahs Jekyll Jekylls Jenifer Jenifers Jenkins Jenkinss Jenna Jennas Jenner Jenners Jennie Jennies Jennifer Jennifers Jennings Jenningss Jenny Jennys Jensen Jensens Jephthah Jephthahs Jerald Jeralds Jeremiah Jeremiahs Jeremiahs Jeremy Jeremys Jeri Jericho Jerichos Jeris Jermaine Jermaines Jeroboam Jeroboams Jerold Jerolds Jerome Jeromes Jerri Jerris Jerrod Jerrods Jerrold Jerrolds Jerry Jerrys Jersey Jerseys Jerseys Jerusalem Jerusalems Jess Jesse Jesses Jessica Jessicas Jessie Jessies Jesss Jesuit Jesuits Jesuits Jesus Jesuss Jetway Jetways Jew Jewel Jewell Jewells Jewels Jewish Jewishness Jewishs Jewry Jewrys Jews Jews Jezebel Jezebels Jezebels Jidda Jiddas Jilin Jilins Jill Jillian Jillians Jills Jim Jimenez Jimenezs Jimmie Jimmies Jimmy Jimmys Jims Jinan Jinans Jinnah Jinnahs Jinny Jinnys Jivaro Jivaros Jo Joan Joann Joanna Joannas Joanne Joannes Joanns Joans Joaquin Joaquins Job Jobs Jobs Jobss Jocasta Jocastas Jocelyn Jocelyns Jock Jockey Jockeys Jocks Jodi Jodie Jodies Jodis Jody Jodys Joe Joel Joels Joes Joey Joeys Jogjakarta Jogjakartas Johann Johanna Johannas Johannes Johannesburg Johannesburgs Johanness Johanns John Johnathan Johnathans Johnathon Johnathons Johnie Johnies Johnnie Johnnies Johnny Johnnys Johns Johns Johnson Johnsons Johnss Johnston Johnstons Johnstown Johnstowns Jolene Jolenes Joliet Joliets Jolson Jolsons Jon Jonah Jonahs Jonahs Jonas Jonass Jonathan Jonathans Jonathon Jonathons Jones Jonesboro Jonesboros Joness Joni Jonis Jons Jonson Jonsons Joplin Joplins Jordan Jordanian Jordanians Jordanians Jordans Jorge Jorges Jos Jose Josef Josefa Josefas Josefina Josefinas Josefs Joseph Josephine Josephines Josephs Josephs Josephson Josephsons Josephus Josephuss Joses Josh Joshs Joshua Joshuas Josiah Josiahs Josie Josies Josue Josues Joule Joules Jove Joves Jovian Jovians Joy Joyce Joycean Joyceans Joyces Joyner Joyners Joys Jr Jrs Js Juan Juana Juanas Juanita Juanitas Juans Juarez Juarezs Jubal Jubals Judaeo Judah Judahs Judaic Judaism Judaisms Judaisms Judas Judases Judass Judd Judds Jude Judea Judeas Judes Judith Judiths Judson Judsons Judy Judys Juggernaut Juggernauts Jul Jules Juless Julia Julian Juliana Julianas Julianne Juliannes Julians Julias Julie Julies Julies Juliet Juliets Juliette Juliettes Julio Julios Julius Juliuss Julliard Julliards July Julys Jun June Juneau Juneaus Junes Junes Jung Jungfrau Jungfraus Jungian Jungians Jungs Junior Juniors Juniors Juno Junos Juns Jupiter Jupiters Jurassic Jurassics Jurua Juruas Justice Justices Justin Justine Justines Justinian Justinians Justins Jutland Jutlands Juvenal Juvenals K KFC KFCs KGB KGBs KIA KKK KKKs KO KOs KP KS KY Kaaba Kaabas Kabul Kabuls Kafka Kafkaesque Kafkaesques Kafkas Kagoshima Kagoshimas Kahlua Kahluas Kahului Kahuluis Kaifeng Kaifengs Kailua Kailuas Kaiser Kaisers Kaitlin Kaitlins Kalahari Kalaharis Kalamazoo Kalamazoos Kalashnikov Kalashnikovs Kalb Kalbs Kalevala Kalevalas Kalgoorlie Kalgoorlies Kali Kalis Kalmyk Kalmyks Kama Kamas Kamchatka Kamchatkas Kamehameha Kamehamehas Kampala Kampalas Kampuchea Kampucheas Kanchenjunga Kanchenjungas Kandahar Kandahars Kandinsky Kandinskys Kane Kaneohe Kaneohes Kanes Kankakee Kankakees Kannada Kannadas Kano Kanos Kanpur Kanpurs Kans Kansan Kansans Kansans Kansas Kansass Kant Kantian Kantians Kants Kaohsiung Kaohsiungs Kaposi Kaposis Kara Karachi Karachis Karaganda Karagandas Karakorum Karakorums Karamazov Karamazovs Karas Kareem Kareems Karen Karenina Kareninas Karens Kari Karin Karina Karinas Karins Karis Karl Karla Karlas Karloff Karloffs Karls Karo Karol Karols Karos Karroo Karroos Karyn Karyns Kasai Kasais Kasey Kaseys Kashmir Kashmirs Kasparov Kasparovs Kate Katelyn Katelyns Kates Katharine Katharines Katherine Katherines Katheryn Katheryns Kathiawar Kathiawars Kathie Kathies Kathleen Kathleens Kathrine Kathrines Kathryn Kathryns Kathy Kathys Katie Katies Katina Katinas Katmai Katmais Katmandu Katmandus Katowice Katowices Katrina Katrinas Katy Katys Kauai Kauais Kaufman Kaufmans Kaunas Kaunass Kaunda Kaundas Kawabata Kawabatas Kawasaki Kawasakis Kay Kaye Kayes Kayla Kaylas Kays Kazakh Kazakhs Kazakhstan Kazakhstans Kazan Kazans Kazantzakis Kazantzakiss Keaton Keatons Keats Keatss Keck Kecks Keenan Keenans Keewatin Keewatins Keillor Keillors Keisha Keishas Keith Keiths Keller Kellers Kelley Kelleys Kelli Kellie Kellies Kellis Kellogg Kelloggs Kelly Kellys Kelsey Kelseys Kelvin Kelvins Kemerovo Kemerovos Kemp Kempis Kempiss Kemps Ken Kendall Kendalls Kendra Kendras Kendrick Kendricks Kenmore Kenmores Kennan Kennans Kennedy Kennedys Kenneth Kenneths Kennewick Kennewicks Kennith Kenniths Kenny Kennys Kenosha Kenoshas Kens Kent Kenton Kentons Kents Kentuckian Kentuckians Kentuckians Kentucky Kentuckys Kenya Kenyan Kenyans Kenyans Kenyas Kenyatta Kenyattas Kenyon Kenyons Keogh Keoghs Keokuk Keokuks Kepler Keplers Kerensky Kerenskys Keri Keris Kermit Kermits Kern Kerns Kerouac Kerouacs Kerr Kerri Kerris Kerrs Kerry Kerrys Kettering Ketterings Keven Kevens Kevin Kevins Kevlar Kevlars Kevorkian Kevorkians Kewpie Kewpies Key Keynes Keynesian Keynesians Keyness Keys Khabarovsk Khabarovsks Khachaturian Khachaturians Khalid Khalids Khan Khans Kharkov Kharkovs Khartoum Khartoums Khayyam Khayyams Khazar Khazars Khmer Khmers Khoikhoi Khoikhois Khoisan Khoisans Khomeini Khomeinis Khorana Khoranas Khrushchev Khrushchevs Khufu Khufus Khulna Khulnas Khwarizmi Khwarizmis Khyber Khybers Kickapoo Kickapoos Kidd Kidds Kiel Kiels Kierkegaard Kierkegaards Kieth Kieths Kiev Kievs Kigali Kigalis Kikuyu Kikuyus Kilauea Kilaueas Kilimanjaro Kilimanjaros Killeen Killeens Kilroy Kilroys Kim Kimberley Kimberleys Kimberly Kimberlys Kims King Kings Kingsport Kingsports Kingston Kingstons Kingstown Kingstowns Kinkos Kinney Kinneys Kinsey Kinseys Kinshasa Kinshasas Kiowa Kiowas Kip Kipling Kiplings Kips Kirby Kirbys Kirchhoff Kirchhoffs Kirchner Kirchners Kirghistan Kirghistans Kirghiz Kirghizs Kiribati Kiribatis Kirinyaga Kirinyagas Kirk Kirkland Kirklands Kirkpatrick Kirkpatricks Kirks Kirov Kirovs Kirsten Kirstens Kisangani Kisanganis Kishinev Kishinevs Kislev Kislevs Kissimmee Kissimmees Kissinger Kissingers Kit Kitakyushu Kitakyushus Kitchener Kitcheners Kits Kitty Kittys Kiwanis Kiwaniss Klan Klans Klansman Klansmans Klaus Klauss Klee Kleenex Kleenexes Kleenexs Klees Klein Kleins Klimt Klimts Kline Klines Klingon Klingons Koln Kolns Klondike Klondikes Klondikes Kmart Kmarts Knapp Knapps Knesset Knessets Kngwarreye Kngwarreyes Knickerbocker Knickerbockers Knievel Knievels Knight Knights Knopf Knopfs Knossos Knossoss Knowles Knowless Knox Knoxs Knoxville Knoxvilles Knudsen Knudsens Knuth Knuths Knuths Kobe Kobes Koch Kochab Kochabs Kochs Kodachrome Kodachromes Kodak Kodaks Kodaly Kodalys Kodiak Kodiaks Koestler Koestlers Kohinoor Kohinoors Kohl Kohls Koizumi Koizumis Kojak Kojaks Kokomo Kokomos Kolyma Kolymas Kommunizma Kommunizmas Kong Kongo Kongos Kongs Konrad Konrads Koontz Koontzs Koppel Koppels Koran Korans Korans Korea Korean Koreans Koreans Koreas Kornberg Kornbergs Kory Korys Korzybski Korzybskis Kosciusko Kosciuskos Kossuth Kossuths Kosygin Kosygins Kotlin Kotlins Koufax Koufaxs Kowloon Kowloons Kr Kraft Krafts Krakatoa Krakatoas Krakow Krakows Kramer Kramers Krasnodar Krasnodars Krasnoyarsk Krasnoyarsks Krebs Krebss Kremlin Kremlinologist Kremlins Kresge Kresges Kringle Kringles Kris Krishna Krishnamurti Krishnamurtis Krishnas Kriss Krista Kristas Kristen Kristens Kristi Kristie Kristies Kristin Kristina Kristinas Kristine Kristines Kristins Kristis Kristopher Kristophers Kristy Kristys Kroc Krocs Kroger Krogers Kronecker Kroneckers Kropotkin Kropotkins Krs Kruger Krugerrand Krugerrands Krugers Krupp Krupps Krystal Krystals Ks Ks Kshatriya Kshatriyas Kublai Kublais Kubrick Kubricks Kuhn Kuhns Kuibyshev Kuibyshevs Kulthumm Kulthumms Kunming Kunmings Kuomintang Kuomintangs Kurd Kurdish Kurdishs Kurdistan Kurdistans Kurds Kurile Kuriles Kurosawa Kurosawas Kurt Kurtis Kurtiss Kurts Kusch Kuschs Kutuzov Kutuzovs Kuwait Kuwaiti Kuwaitis Kuwaitis Kuwaits Kuznets Kuznetsk Kuznetsks Kuznetss Kwakiutl Kwakiutls Kwan Kwangju Kwangjus Kwans Kwanzaa Kwanzaas Kwanzaas Kyle Kyles Kyoto Kyotos Kyrgyzstan Kyrgyzstans Kyushu Kyushus L LA LAmour LAmours LBJ LBJs LCD LCDs LED LEDs LG LGBT LGs LOreal LOreals LOuverture LOuvertures LP LPN LPNs LPNs LPs LSD LSDs La Laban Labans Labrador Labradors Labradors Lacey Laceys Lachesis Lachesiss Lacy Lacys Ladoga Ladogas Ladonna Ladonnas Lafayette Lafayettes Lafitte Lafittes Lagos Lagoss Lagrange Lagranges Lagrangian Lagrangians Lahore Lahores Laius Laiuss Lajos Lajoss Lakeisha Lakeishas Lakeland Lakelands Lakewood Lakisha Lakishas Lakota Lakotas Lakshmi Lakshmis Lamar Lamarck Lamarcks Lamars Lamaze Lamazes Lamb Lambert Lamberts Lamborghini Lamborghinis Lambrusco Lambruscos Lambs Lamont Lamonts Lana Lanai Lanais Lanas Lancashire Lancashires Lancaster Lancasters Lance Lancelot Lancelots Lances Land Landon Landons Landry Landrys Lands Landsat Landsats Landsteiner Landsteiners Lane Lanes Lang Langerhans Langerhanss Langland Langlands Langley Langleys Langmuir Langmuirs Langs Lanka Lankas Lanny Lannys Lansing Lansings Lanzhou Lanzhous Lao Laocoon Laocoons Laos Laos Laoss Laotian Laotians Laotians Laplace Laplaces Lapland Laplands Lapp Lapps Lapps Lara Laramie Laramies Laras Lardner Lardners Laredo Laredos Larousse Larousses Larry Larrys Lars Larsen Larsens Larson Larsons Larss Las Las Lascaux Lascauxs Lassa Lassas Lassen Lassens Lassie Lassies Latasha Latashas Lateran Laterans Latin Latina Latiner Latino Latinos Latinos Latins Latins Latinx Latisha Latishas Latonya Latonyas Latoya Latoyas Latrobe Latrobes Latvia Latvian Latvians Latvians Latvias Laud Lauder Lauders Lauds Laue Laues Laundromat Laundromats Laura Lauras Laurasia Laurasias Laurel Laurels Lauren Laurence Laurences Laurens Laurent Laurents Lauri Laurie Lauries Lauris Laval Lavals Lavern Laverne Lavernes Laverns Lavoisier Lavoisiers Lavonne Lavonnes Lawanda Lawandas Lawrence Lawrences Lawson Lawsons Lawton Lawtons Layamon Layamons Layla Laylas Layton Laytons Lazaro Lazaros Lazarus Lazaruss Le Lea Leach Leachs Leadbelly Leadbellys Leah Leahs Leakey Leakeys Lean Leander Leanders Leann Leanna Leannas Leanne Leannes Leanns Leans Lear Learjet Learjets Lears Leary Learys Leas Leavenworth Leavenworths Lebanese Lebaneses Lebanon Lebanons Lebesgue Lebesgues Leblanc Leblancs Leda Ledas Lederberg Lederbergs Lee Leeds Leedss Lees Leesburg Leesburgs Leeuwenhoek Leeuwenhoeks Leeward Leewards Left Legendre Legendres Leger Legers Leghorn Leghorns Lego Legos Legree Legrees Lehman Lehmans Leibniz Leibnizs Leicester Leicesters Leiden Leidens Leif Leifs Leigh Leighs Leila Leilas Leipzig Leipzigs Lela Leland Lelands Lelas Lelia Lelias Lemaitre Lemaitres Lemuel Lemuels Lemuria Lemurias Len Lena Lenard Lenards Lenas Lenin Leningrad Leningrads Leninism Leninisms Leninist Leninists Lenins Lennon Lennons Lenny Lennys Leno Lenoir Lenoirs Lenora Lenoras Lenore Lenores Lenos Lens Lent Lenten Lentens Lents Lents Leo Leola Leolas Leominster Leominsters Leon Leona Leonard Leonardo Leonardos Leonards Leonas Leoncavallo Leoncavallos Leonel Leonels Leonid Leonidas Leonidass Leonids Leonor Leonors Leons Leopold Leopoldo Leopoldos Leopolds Leos Leos Lepidus Lepiduss Lepke Lepkes Lepus Lepuss Lerner Lerners Leroy Leroys Les Les Lesa Lesas Lesley Lesleys Leslie Leslies Lesotho Lesothos Less Lesseps Lessepss Lessie Lessies Lester Lesters Lestrade Lestrades Leta Letas Letha Lethas Lethe Lethes Leticia Leticias Letitia Letitias Letterman Lettermans Levant Levants Levesque Levesques Levi Leviathan Leviathans Levine Levines Levis Leviticus Leviticuss Levitt Levitts Levy Levys Lew Lewinsky Lewinskys Lewis Lewiss Lewiston Lewistons Lewisville Lewisvilles Lews Lexington Lexingtons Lexus Lexuss Lhasa Lhasas Lhotse Lhotses Li Libby Libbys Liberace Liberaces Liberia Liberian Liberians Liberians Liberias Libra Libras Libras LibreOffice LibreOffices Libreville Librevilles Librium Libriums Libya Libyan Libyans Libyans Libyas Lichtenstein Lichtensteins Lidia Lidias Lie Lieberman Liebermans Liebfraumilch Liebfraumilchs Liechtenstein Liechtensteins Liege Lieges Lies Lila Lilas Lilia Lilian Liliana Lilianas Lilians Lilias Lilith Liliths Liliuokalani Liliuokalanis Lille Lilles Lillian Lillians Lillie Lillies Lilliput Lilliputian Lilliputians Lilliputians Lilliputs Lilly Lillys Lilongwe Lilongwes Lily Lilys Lima Limas Limbaugh Limbaughs Limburger Limburgers Limoges Limogess Limousin Limousins Limpopo Limpopos Lin Lina Linas Lincoln Lincolns Lincolns Lind Linda Lindas Lindbergh Lindberghs Linds Lindsay Lindsays Lindsey Lindseys Lindy Lindys Linnaeus Linnaeuss Linotype Linotypes Lins Linton Lintons Linus Linuss Linux Linuxes Linuxs Linwood Linwoods Lionel Lionels Lipizzaner Lipizzaners Lippi Lippis Lippmann Lippmanns Lipscomb Lipscombs Lipton Liptons Lis Lisa Lisas Lisbon Lisbons Lissajous Lissajouss Lister Listerine Listerines Listers Liston Listons Liszt Liszts Lithuania Lithuanian Lithuanians Lithuanians Lithuanias Little Littles Litton Littons Livermore Livermores Liverpool Liverpools Liverpudlian Liverpudlians Livia Livias Livingston Livingstone Livingstones Livingstons Livonia Livonias Livy Livys Liz Liza Lizas Lizs Lizzie Lizzies Lizzy Lizzys Ljubljana Ljubljanas Llewellyn Llewellyns Lloyd Lloyds Ln Loafer Loafers Loafers Lobachevsky Lobachevskys Lochinvar Lochinvars Locke Lockean Lockeans Lockes Lockheed Lockheeds Lockwood Lockwoods Lodge Lodges Lodi Lodis Lodz Lodzs Loewe Loewes Loewi Loewis Loews Loewss Logan Logans Lohengrin Lohengrins Loire Loires Lois Loiss Loki Lokis Lola Lolas Lolita Lolitas Lollard Lollards Lollobrigida Lollobrigidas Lombard Lombardi Lombardis Lombards Lombardy Lombardys Lome Lomes Lompoc Lompocs Lon London Londoner Londoners Londons Long Longfellow Longfellows Longmont Longmonts Longs Longstreet Longstreets Longview Longviews Lonnie Lonnies Lons Lopez Lopezs Lora Lorain Loraine Loraines Lorains Loras Lord Lords Lords Lorelei Loreleis Loren Lorena Lorenas Lorene Lorenes Lorens Lorentz Lorentzs Lorenz Lorenzo Lorenzos Lorenzs Loretta Lorettas Lori Lorie Lories Loris Lorna Lornas Lorraine Lorraines Lorre Lorres Lorrie Lorries Los Lot Lothario Lotharios Lots Lott Lottie Lotties Lotts Lou Louella Louellas Louie Louies Louis Louisa Louisas Louise Louises Louisiana Louisianan Louisianans Louisianans Louisianas Louisianian Louisianians Louisianians Louiss Louisville Louisvilles Lourdes Lourdess Lous Louvre Louvres Love Lovecraft Lovecrafts Lovelace Lovelaces Loves Lowe Lowell Lowells Lowenbrau Lowenbraus Lowery Lowerys Lowes Loyang Loyangs Loyd Loyds Loyola Loyolas Lr Ls Lt Ltd Lu Luanda Luandas Luann Luanns Lubavitcher Lubavitchers Lubbock Lubbocks Lubumbashi Lubumbashis Lucas Lucass Luce Luces Lucia Lucian Luciano Lucianos Lucians Lucias Lucien Luciens Lucifer Lucifers Lucile Luciles Lucille Lucilles Lucinda Lucindas Lucio Lucios Lucite Lucites Lucius Luciuss Lucknow Lucknows Lucretia Lucretias Lucretius Lucretiuss Lucy Lucys Luddite Luddites Ludhiana Ludhianas Ludwig Ludwigs Luella Luellas Lufthansa Lufthansas Luftwaffe Luftwaffes Luger Lugers Lugosi Lugosis Luigi Luigis Luis Luisa Luisas Luiss Luke Lukes Lula Lulas Lully Lullys Lulu Lulus Lumiere Lumieres Luna Lunas Lupe Lupercalia Lupercalias Lupes Lupus Lupuss Luria Lurias Lus Lusaka Lusakas Lusitania Lusitanias Luther Lutheran Lutheranism Lutheranisms Lutherans Lutherans Luthers Luvs Luvss Luxembourg Luxembourger Luxembourgers Luxembourgers Luxembourgs Luz Luzon Luzons Luzs Lvov Lvovs LyX LyXs Lycra Lycras Lycurgus Lycurguss Lydia Lydias Lyell Lyells Lyle Lyles Lyly Lylys Lyman Lymans Lyme Lymes Lynch Lynchburg Lynchburgs Lynchs Lynda Lyndas Lyndon Lyndons Lynette Lynettes Lynn Lynne Lynnes Lynnette Lynnettes Lynns Lyon Lyons Lyons Lyonss Lyra Lyras Lysenko Lysenkos Lysistrata Lysistratas Lysol Lysols M MA MAs MB MBA MBAs MBs MC MCI MCIs MD MDs ME MEGO MEGOs MGM MGMs MHz MI MIA MIPS MIT MITs MIs MN MO MOOC MP MPEG MPs MRI MRIs MS MSG MSGs MST MSTs MSs MT MTV MTVs MTs MVP MVPs Maalox Maaloxs Mabel Mabels Mable Mables Mac MacArthur MacArthurs MacBride MacBrides MacDonald MacDonalds MacLeish MacLeishs Macao Macaos Macaulay Macaulays Macbeth Macbeths Maccabeus Maccabeuss Mace Macedon Macedonia Macedonian Macedonians Macedonians Macedonias Macedons Maces Mach Machiavelli Machiavellian Machiavellians Machiavellis Machs Macias Maciass Macintosh Macintoshs Mack Mackenzie Mackenzies Mackinac Mackinacs Mackinaw Mackinaws Macks Macmillan Macmillans Macon Macons Macs Macumba Macumbas Macy Macys Madagascan Madagascans Madagascans Madagascar Madagascars Madden Maddens Maddox Maddoxs Madeira Madeiras Madeiras Madeleine Madeleines Madeline Madelines Madelyn Madelyns Madera Maderas Madge Madges Madison Madisons Madonna Madonnas Madonnas Madras Madrass Madrid Madrids Madurai Madurais Mae Maes Maeterlinck Maeterlincks Mafia Mafias Mafias Mafioso Mafiosos Magdalena Magdalenas Magdalene Magdalenes Magellan Magellanic Magellanics Magellans Maggie Maggies Maghreb Maghrebs Magi Maginot Maginots Magnitogorsk Magnitogorsks Magog Magogs Magoo Magoos Magritte Magrittes Magsaysay Magsaysays Magyar Magyars Magyars Mahabharata Mahabharatas Maharashtra Maharashtras Mahavira Mahaviras Mahayana Mahayanas Mahayanist Mahayanists Mahdi Mahdis Mahfouz Mahfouzs Mahican Mahicans Mahicans Mahler Mahlers Mai Maidenform Maidenforms Maigret Maigrets Mailer Mailers Maillol Maillols Maiman Maimans Maimonides Maimonidess Maine Maines Mais Maisie Maisies Maitreya Maitreyas Maj Major Majorca Majorcas Majors Majuro Majuros Makarios Makarioss Malabar Malabars Malabo Malabos Malacca Malaccas Malachi Malachis Malagasy Malagasys Malamud Malamuds Malaprop Malaprops Malawi Malawis Malay Malayalam Malayalams Malayan Malayans Malays Malays Malaysia Malaysian Malaysians Malaysians Malaysias Malcolm Malcolms Maldive Maldives Maldives Maldivess Maldivian Maldivians Maldivians Maldonado Maldonados Male Males Mali Malian Malians Malians Malibu Malibus Malinda Malindas Malinowski Malinowskis Malis Mallarme Mallarmes Mallomars Mallomarss Mallory Mallorys Malone Malones Malory Malorys Malplaquet Malplaquets Malraux Malrauxs Malta Maltas Maltese Malteses Malthus Malthusian Malthusians Malthuss Mameluke Mamelukes Mamet Mamets Mamie Mamies Mammon Mammons Mamore Mamores Man Managua Managuas Manama Manamas Manasseh Manassehs Manaus Manauss Manchester Manchesters Manchu Manchuria Manchurian Manchurians Manchurias Manchus Mancini Mancinis Mandalay Mandalays Mandarin Mandarins Mandela Mandelas Mandelbrot Mandelbrots Mandeville Mandevilles Mandingo Mandingos Mandrell Mandrells Mandy Mandys Manet Manets Manfred Manfreds Manhattan Manhattans Manhattans Mani Manichean Manicheans Manila Manilas Manilas Manilla Manillas Manis Manitoba Manitobas Manitoulin Manitoulins Mankato Mankatos Manley Manleys Mann Mannheim Mannheims Manning Mannings Manns Mans Mansfield Mansfields Manson Mansons Manteca Mantecas Mantegna Mantegnas Mantle Mantles Manuel Manuela Manuelas Manuels Manx Manxs Mao Maoism Maoisms Maoisms Maoist Maoists Maoists Maori Maoris Maoris Maos Mapplethorpe Mapplethorpes Maputo Maputos Mar Mara Maracaibo Maracaibos Maras Marat Maratha Marathas Marathi Marathis Marathon Marathons Marats Marc Marceau Marceaus Marcel Marcelino Marcelinos Marcella Marcellas Marcelo Marcelos Marcels March Marches Marchs Marci Marcia Marciano Marcianos Marcias Marcie Marcies Marcis Marco Marconi Marconis Marcos Marcos Marcoss Marcs Marcus Marcuss Marcy Marcys Marduk Marduks Margaret Margarets Margarita Margaritas Margarito Margaritos Marge Margery Margerys Marges Margie Margies Margo Margos Margret Margrethe Margrethes Margrets Marguerite Marguerites Mari Maria MariaDB MariaDBs Marian Mariana Marianas Marianas Marianass Marianne Mariannes Mariano Marianos Marians Marias Maribel Maribels Maricela Maricelas Marie Maries Marietta Mariettas Marilyn Marilyns Marin Marina Marinas Marine Marines Marines Marins Mario Marion Marions Marios Maris Maris Marisa Marisas Marisol Marisols Mariss Marissa Marissas Maritain Maritains Maritza Maritzas Marius Mariuss Marjorie Marjories Marjory Marjorys Mark Markab Markabs Markham Markhams Markov Markovs Marks Marks Markss Marla Marlas Marlboro Marlboros Marlborough Marlboroughs Marlene Marlenes Marley Marleys Marlin Marlins Marlon Marlons Marlowe Marlowes Marmara Marmaras Marne Marnes Maronite Maronites Marple Marples Marquesas Marquesass Marquette Marquettes Marquez Marquezs Marquis Marquiss Marquita Marquitas Marrakesh Marrakeshs Marriott Marriotts Mars Mars Marsala Marsalas Marseillaise Marseillaises Marseilles Marseilless Marses Marsh Marsha Marshall Marshalls Marshas Marshs Marss Marta Martas Martel Martels Martha Marthas Martial Martials Martian Martians Martians Martin Martina Martinas Martinez Martinezs Martinique Martiniques Martins Marty Martys Marva Marvas Marvell Marvells Marvin Marvins Marx Marxism Marxisms Marxisms Marxist Marxists Marxists Marxs Mary Maryann Maryanne Maryannes Maryanns Maryellen Maryellens Maryland Marylander Marylanders Marylands Marylou Marylous Marys Marysville Marysvilles Masada Masadas Masai Masais Masaryk Masaryks Mascagni Mascagnis Masefield Masefields Maserati Maseratis Maseru Maserus Mashhad Mashhads Mason Masonic Masonics Masonite Masonites Masons Masons Mass Massachusetts Massachusettss Massasoit Massasoits Massenet Massenets Masses Massey Masseys Masss MasterCard MasterCards Masters Masterss Mather Mathers Mathew Mathews Mathews Mathewson Mathewsons Mathewss Mathias Mathiass Mathis Mathiss Matilda Matildas Matisse Matisses Matlab Matlabs Matt Mattel Mattels Matterhorn Matterhorns Matthew Matthews Matthews Matthewss Matthias Matthiass Mattie Matties Matts Maud Maude Maudes Mauds Maugham Maughams Maui Mauis Mauldin Mauldins Maupassant Maupassants Maura Mauras Maureen Maureens Mauriac Mauriacs Maurice Maurices Mauricio Mauricios Maurine Maurines Mauritania Mauritanias Mauritius Mauritiuss Mauro Maurois Mauroiss Mauros Mauryan Mauryans Mauser Mausers Mavis Maviss Max Maximilian Maximilians Maxine Maxines Maxs Maxwell Maxwells May Maya Mayan Mayans Mayans Mayas Mayas Mayer Mayers Mayfair Mayfairs Mayflower Mayflowers Maynard Maynards Mayo Mayos Mayra Mayras Mays Mays Mayss Maytag Maytags Mazama Mazamas Mazarin Mazarins Mazatlan Mazatlans Mazda Mazdas Mazola Mazolas Mazzini Mazzinis Mb Mbabane Mbabanes Mbini Mbinis McAdam McAdams McAllen McAllens McBride McBrides McCain McCains McCall McCalls McCarthy McCarthyism McCarthyisms McCarthys McCartney McCartneys McCarty McCartys McClain McClains McClellan McClellans McClure McClures McConnell McConnells McCormick McCormicks McCoy McCoys McCray McCrays McCullough McCulloughs McDaniel McDaniels McDonald McDonalds McDonnell McDonnells McDowell McDowells McEnroe McEnroes McFadden McFaddens McFarland McFarlands McGee McGees McGovern McGoverns McGowan McGowans McGuffey McGuffeys McGuire McGuires McHenry McHenrys McIntosh McIntoshs McIntyre McIntyres McKay McKays McKee McKees McKenzie McKenzies McKinley McKinleys McKinney McKinneys McKnight McKnights McLaughlin McLaughlins McLean McLeans McLeod McLeods McLuhan McLuhans McMahon McMahons McMillan McMillans McNamara McNamaras McNaughton McNaughtons McNeil McNeils McPherson McPhersons McQueen McQueens McVeigh McVeighs Md Mds Mead Meade Meades Meadows Meadowss Meads Meagan M